"","State","City","Year","Population","Violent.Crime","Murder","Rape.Revised","Rape.Legacy","Robbery","Aggravated.Assault","Property.Crime","Burglary","Larceny.Theft","Motor.Vehicle.Theft","Arson"
"1","ALABAMA","BIRMINGHAM",2014,212115,1619,23,83,0,454,1059,6596,1716,4169,711,76
"2","ALABAMA","BIRMINGHAM",2015,215069,1756,30,77,0,507,1142,6246,1446,4120,680,72
"3","ALABAMA","HUNTSVILLE",2014,187624,770,12,50,0,188,520,4376,908,3111,357,12
"4","ALABAMA","HUNTSVILLE",2015,190106,723,5,65,0,173,480,4121,836,2903,382,11
"5","ALABAMA","MOBILE",2014,250655,747,17,67,0,203,460,5747,1461,4039,247,54
"6","ALABAMA","MOBILE",2015,254146,755,9,69,0,186,491,5210,1032,3886,292,51
"7","ALABAMA","MONTGOMERY",2014,200194,504,14,21,0,218,251,4142,1153,2689,300,31
"8","ALABAMA","MONTGOMERY",2015,202982,519,20,14,0,191,294,4029,1236,2442,351,31
"9","ALASKA","ANCHORAGE",2014,301306,1209,6,193,0,247,763,5515,629,4474,412,33
"10","ALASKA","ANCHORAGE",2015,301239,1615,16,323,0,271,1005,5732,811,4516,405,63
"11","ARIZONA","CHANDLER",2014,252369,228,1,24,0,55,148,2941,518,2315,108,49
"12","ARIZONA","CHANDLER",2015,258875,206,0,26,0,51,129,2524,384,2033,107,26
"13","ARIZONA","GILBERT",2014,235430,113,0,9,0,31,73,1670,239,1368,63,10
"14","ARIZONA","GILBERT",2015,247324,92,0,13,0,14,65,1588,241,1283,64,12
"15","ARIZONA","GLENDALE",2014,236780,431,8,59,0,170,194,6055,969,4584,502,23
"16","ARIZONA","GLENDALE",2015,240078,436,5,49,0,161,221,6290,1066,4701,523,26
"17","ARIZONA","PEORIA",2014,164722,120,1,17,0,27,75,1752,294,1365,93,3
"18","ARIZONA","PEORIA",2015,170222,146,1,16,0,25,104,1676,367,1207,102,5
"19","ARIZONA","PHOENIX",2014,1529852,4234,50,486,0,1407,2291,28145,6928,17672,3545,173
"20","ARIZONA","PHOENIX",2015,1551160,4513,52,509,0,1502,2450,27356,6645,17089,3622,164
"21","ARIZONA","SCOTTSDALE",2014,229325,173,0,38,0,39,96,2629,449,2076,104,5
"22","ARIZONA","SCOTTSDALE",2015,233872,189,3,48,0,53,85,2580,398,2091,91,4
"23","ARIZONA","SURPRISE",2014,125049,69,3,4,0,19,43,998,167,758,73,9
"24","ARIZONA","SURPRISE",2015,126791,85,1,6,0,20,58,1088,231,807,50,10
"25","ARIZONA","TEMPE",2014,169812,429,1,48,0,93,287,3878,596,3061,221,24
"26","ARIZONA","TEMPE",2015,175556,348,2,47,0,83,216,3731,531,3043,157,30
"27","ARIZONA","TUCSON",2014,527328,1468,16,0,0,507,945,17411,1862,14529,1020,61
"28","ARIZONA","TUCSON",2015,529675,1706,16,213,0,516,961,16680,1784,13919,977,58
"29","CALIFORNIA","ANAHEIM",2014,346956,537,5,0,37,203,292,4206,619,2915,672,9
"30","CALIFORNIA","ANAHEIM",2015,349471,628,10,65,0,211,342,5018,724,3472,822,9
"31","CALIFORNIA","ANTIOCH",2014,108223,419,3,0,30,148,238,2131,701,921,509,23
"32","CALIFORNIA","ANTIOCH",2015,110537,387,2,31,0,135,219,1931,496,895,540,18
"33","CALIFORNIA","BAKERSFIELD",2014,367406,861,7,0,8,334,512,7609,2147,4354,1108,203
"34","CALIFORNIA","BAKERSFIELD",2015,373887,879,12,38,0,324,505,7748,1885,4661,1202,204
"35","CALIFORNIA","BERKELEY",2014,117753,179,1,20,0,108,50,2391,410,1680,301,5
"36","CALIFORNIA","BERKELEY",2015,120387,269,0,20,0,165,84,2909,587,1971,351,9
"37","CALIFORNIA","BURBANK",2014,105041,70,1,0,4,27,38,1264,161,1011,92,9
"38","CALIFORNIA","BURBANK",2015,105865,69,0,5,0,25,39,1282,143,1047,92,4
"39","CALIFORNIA","CARLSBAD",2014,112297,101,1,0,8,22,70,894,188,655,51,2
"40","CALIFORNIA","CARLSBAD",2015,113972,88,0,15,0,18,55,1028,188,782,58,5
"41","CALIFORNIA","CHULA VISTA",2014,259894,292,3,0,20,107,162,2350,313,1605,432,21
"42","CALIFORNIA","CHULA VISTA",2015,265215,318,2,30,0,121,165,2210,305,1511,394,20
"43","CALIFORNIA","CONCORD",2014,126744,217,1,12,0,78,126,2466,417,1597,452,2
"44","CALIFORNIA","CONCORD",2015,128767,241,0,15,0,91,135,2367,338,1512,517,4
"45","CALIFORNIA","CORONA",2014,161128,90,0,0,13,34,43,1732,270,1209,253,10
"46","CALIFORNIA","CORONA",2015,163633,93,0,9,0,42,42,1794,275,1310,209,5
"47","CALIFORNIA","COSTA MESA",2014,112709,127,0,0,15,38,74,1675,273,1235,167,12
"48","CALIFORNIA","COSTA MESA",2015,113477,187,1,25,0,67,94,2345,336,1777,232,8
"49","CALIFORNIA","DALY CITY",2014,105628,100,2,12,0,39,47,817,163,519,135,6
"50","CALIFORNIA","DALY CITY",2015,107320,132,0,8,0,49,75,965,180,646,139,2
"51","CALIFORNIA","DOWNEY",2014,113595,146,2,0,9,62,73,1444,240,835,369,9
"52","CALIFORNIA","DOWNEY",2015,114754,150,2,11,0,84,53,1356,210,784,362,5
"53","CALIFORNIA","EL CAJON",2014,102838,188,2,0,11,83,92,1177,203,806,168,4
"54","CALIFORNIA","EL CAJON",2015,103942,158,0,25,0,42,91,1118,179,766,173,8
"55","CALIFORNIA","ELK GROVE",2014,162957,315,0,16,0,56,243,1427,291,1051,85,3
"56","CALIFORNIA","ELK GROVE",2015,117376,296,1,19,0,51,225,1539,318,1109,112,3
"57","CALIFORNIA","EL MONTE",2014,116220,174,1,0,7,81,85,1063,231,566,266,1
"58","CALIFORNIA","EL MONTE",2015,166183,195,2,13,0,65,115,1057,224,525,308,12
"59","CALIFORNIA","ESCONDIDO",2014,149839,245,0,0,11,69,165,1628,260,1063,305,10
"60","CALIFORNIA","ESCONDIDO",2015,151732,270,5,30,0,89,146,1636,218,1103,315,7
"61","CALIFORNIA","FAIRFIELD",2014,110300,276,4,0,20,104,148,1854,313,1217,324,7
"62","CALIFORNIA","FAIRFIELD",2015,112582,247,2,17,0,80,148,1739,247,1246,246,11
"63","CALIFORNIA","FONTANA",2014,204532,366,2,0,8,100,256,1823,321,1075,427,4
"64","CALIFORNIA","FONTANA",2015,206982,384,2,19,0,100,263,2157,375,1271,511,3
"65","CALIFORNIA","FREMONT",2014,227575,115,1,0,7,51,56,2093,401,1389,303,9
"66","CALIFORNIA","FREMONT",2015,232427,144,1,19,0,70,54,2172,438,1390,344,9
"67","CALIFORNIA","FULLERTON",2014,139895,163,0,0,14,57,92,1638,276,1194,168,16
"68","CALIFORNIA","FULLERTON",2015,141843,193,0,30,0,50,113,1924,222,1485,217,15
"69","CALIFORNIA","GARDEN GROVE",2014,176106,211,3,0,7,64,137,1540,312,979,249,16
"70","CALIFORNIA","GARDEN GROVE",2015,176041,267,1,23,0,81,162,2198,380,1491,327,10
"71","CALIFORNIA","GLENDALE",2014,197079,86,0,0,4,31,51,1571,257,1173,141,11
"72","CALIFORNIA","GLENDALE",2015,202298,95,3,8,0,37,47,1693,262,1259,172,5
"73","CALIFORNIA","HAYWARD",2014,153319,289,5,20,0,152,112,2372,474,1237,661,22
"74","CALIFORNIA","HAYWARD",2015,157157,294,3,33,0,164,94,2338,385,1259,694,17
"75","CALIFORNIA","HUNTINGTON BEACH",2014,199152,191,1,27,0,50,113,2120,298,1675,147,7
"76","CALIFORNIA","HUNTINGTON BEACH",2015,203233,178,0,21,0,52,105,2388,360,1838,190,14
"77","CALIFORNIA","INGLEWOOD",2014,111997,357,14,0,14,162,167,1356,279,731,346,12
"78","CALIFORNIA","INGLEWOOD",2015,112450,347,2,17,0,160,168,1282,260,679,343,4
"79","CALIFORNIA","IRVINE",2014,242971,54,0,0,9,17,28,1495,266,1167,62,4
"80","CALIFORNIA","IRVINE",2015,258198,56,1,11,0,20,24,1949,251,1598,100,3
"81","CALIFORNIA","LANCASTER",2014,160190,459,3,0,26,109,321,1659,503,966,190,22
"82","CALIFORNIA","LANCASTER",2015,162095,481,6,42,0,146,287,1707,526,979,202,27
"83","CALIFORNIA","LONG BEACH",2014,471123,1096,14,0,60,429,593,6123,1785,3203,1135,44
"84","CALIFORNIA","LONG BEACH",2015,476318,1312,13,94,0,465,740,6813,1470,4089,1254,28
"85","CALIFORNIA","LOS ANGELES",2014,3906772,8700,132,522,0,3619,4427,39703,6875,26431,6397,675
"86","CALIFORNIA","LOS ANGELES",2015,3962726,10814,128,665,0,4274,5747,45362,8190,29648,7524,638
"87","CALIFORNIA","MODESTO",2014,205820,869,7,0,31,204,627,4663,1009,3066,588,29
"88","CALIFORNIA","MODESTO",2015,210794,983,9,50,0,235,689,4857,722,3294,841,28
"89","CALIFORNIA","MORENO VALLEY",2014,202911,248,1,0,9,116,122,3124,863,1789,472,7
"90","CALIFORNIA","MORENO VALLEY",2015,205182,282,2,16,0,125,139,3105,612,2025,468,5
"91","CALIFORNIA","MURRIETA",2014,108376,21,0,0,2,7,12,735,140,488,107,6
"92","CALIFORNIA","MURRIETA",2015,109495,42,0,7,0,17,18,981,157,672,152,5
"93","CALIFORNIA","NORWALK",2014,106838,171,5,0,8,64,94,996,195,588,213,7
"94","CALIFORNIA","NORWALK",2015,107470,194,2,12,0,69,111,942,169,553,220,1
"95","CALIFORNIA","OCEANSIDE",2014,174102,338,2,0,28,84,224,1924,305,1417,202,19
"96","CALIFORNIA","OCEANSIDE",2015,176319,313,6,33,0,102,172,2156,264,1666,226,9
"97","CALIFORNIA","ONTARIO",2014,168278,231,4,0,9,88,130,2207,399,1412,396,12
"98","CALIFORNIA","ONTARIO",2015,170274,263,2,14,0,100,147,2542,442,1595,505,19
"99","CALIFORNIA","ORANGE",2014,140767,77,0,0,2,31,44,1116,202,790,124,18
"100","CALIFORNIA","ORANGE",2015,140572,96,2,6,0,31,57,1502,287,1042,173,4
"101","CALIFORNIA","OXNARD",2014,204159,447,5,27,0,233,182,2968,584,2041,343,21
"102","CALIFORNIA","OXNARD",2015,207221,446,6,12,0,193,235,3312,490,2430,392,12
"103","CALIFORNIA","PALMDALE",2014,158210,409,5,0,14,120,270,1525,385,1010,130,12
"104","CALIFORNIA","PALMDALE",2015,159613,406,4,24,0,121,257,1590,424,920,246,14
"105","CALIFORNIA","PASADENA",2014,140373,174,3,0,11,53,107,1767,364,1282,121,14
"106","CALIFORNIA","PASADENA",2015,141815,204,1,28,0,66,109,1951,409,1372,170,30
"107","CALIFORNIA","POMONA",2014,151899,400,8,0,24,123,245,2199,299,1395,505,6
"108","CALIFORNIA","POMONA",2015,154410,400,7,35,0,147,211,2321,323,1314,684,27
"109","CALIFORNIA","RANCHO CUCAMONGA",2014,172694,130,3,6,0,44,77,1866,663,975,228,11
"110","CALIFORNIA","RANCHO CUCAMONGA",2015,176376,97,1,14,0,36,46,1906,608,1129,169,4
"111","CALIFORNIA","RIALTO",2014,102540,162,0,0,11,58,93,1149,331,452,366,8
"112","CALIFORNIA","RIALTO",2015,103590,207,1,19,0,73,114,1020,310,410,300,8
"113","CALIFORNIA","RIVERSIDE",2014,319453,658,9,0,69,221,359,4657,768,3163,726,48
"114","CALIFORNIA","RIVERSIDE",2015,323064,679,3,63,0,253,360,4949,781,3416,752,45
"115","CALIFORNIA","ROSEVILLE",2014,128997,101,1,9,0,27,64,1509,204,1191,114,8
"116","CALIFORNIA","ROSEVILLE",2015,130794,123,0,15,0,32,76,1621,242,1240,139,5
"117","CALIFORNIA","SACRAMENTO",2014,482767,1460,18,0,31,464,947,7642,1594,4908,1140,75
"118","CALIFORNIA","SACRAMENTO",2015,489717,1830,25,50,0,572,1183,8056,1798,4858,1400,71
"119","CALIFORNIA","SALINAS",2014,156908,471,7,0,13,205,246,2743,702,1328,713,20
"120","CALIFORNIA","SALINAS",2015,158185,589,12,40,0,224,313,2361,456,1033,872,12
"121","CALIFORNIA","SAN BERNARDINO",2014,214588,1058,26,0,47,400,585,4559,1133,2186,1240,67
"122","CALIFORNIA","SAN BERNARDINO",2015,216477,1223,16,50,0,419,738,5050,1562,2174,1314,28
"123","CALIFORNIA","SAN DIEGO",2014,1368690,2591,19,0,183,635,1754,13759,2647,8515,2597,110
"124","CALIFORNIA","SAN DIEGO",2015,1400467,2845,17,253,0,659,1916,13776,2435,8898,2443,104
"125","CALIFORNIA","SAN FRANCISCO",2014,850294,3279,14,163,0,1510,1592,21330,2722,15613,2995,117
"126","CALIFORNIA","SAN FRANCISCO",2015,863782,3453,24,174,0,1899,1356,27001,2653,20854,3494,160
"127","CALIFORNIA","SAN JOSE",2014,1009679,1629,19,0,145,561,904,12053,2501,5657,3895,63
"128","CALIFORNIA","SAN JOSE",2015,1031458,1700,11,178,0,581,930,12717,2466,6605,3646,60
"129","CALIFORNIA","SAN MATEO",2014,102082,107,0,0,10,43,54,994,158,744,92,4
"130","CALIFORNIA","SAN MATEO",2015,104306,118,0,5,0,27,86,977,355,540,82,3
"131","CALIFORNIA","SANTA ANA",2014,336462,619,10,0,50,219,340,2793,413,1783,597,8
"132","CALIFORNIA","SANTA ANA",2015,337304,773,6,69,0,259,439,3618,392,2287,939,18
"133","CALIFORNIA","SANTA CLARA",2014,121114,77,0,0,22,39,16,1653,289,1152,212,6
"134","CALIFORNIA","SANTA CLARA",2015,123562,79,0,6,0,40,33,1848,280,1344,224,6
"135","CALIFORNIA","SANTA MARIA",2014,102885,225,0,0,18,78,129,1642,337,824,481,8
"136","CALIFORNIA","SANTA MARIA",2015,104355,214,4,26,0,67,117,1466,328,804,334,4
"137","CALIFORNIA","SANTA ROSA",2014,172991,302,0,0,31,60,211,2107,335,1560,212,35
"138","CALIFORNIA","SANTA ROSA",2015,175738,312,2,40,0,65,205,2313,324,1739,250,20
"139","CALIFORNIA","SIMI VALLEY",2014,126604,50,0,0,9,10,31,778,134,598,46,2
"140","CALIFORNIA","SIMI VALLEY",2015,127472,83,1,12,0,20,50,801,132,613,56,5
"141","CALIFORNIA","STOCKTON",2014,299519,1972,21,0,61,532,1358,6725,1638,4150,937,37
"142","CALIFORNIA","STOCKTON",2015,304890,2019,18,65,0,570,1366,6399,1450,3999,950,47
"143","CALIFORNIA","SUNNYVALE",2014,149384,78,0,9,0,36,33,1143,250,749,144,12
"144","CALIFORNIA","SUNNYVALE",2015,152443,78,0,17,0,34,27,1231,302,778,151,7
"145","CALIFORNIA","TEMECULA",2014,108308,44,1,0,4,26,13,1318,380,830,108,5
"146","CALIFORNIA","TEMECULA",2015,111673,51,0,5,0,20,26,1503,266,1077,160,1
"147","CALIFORNIA","THOUSAND OAKS",2014,129175,69,0,13,0,11,45,794,162,582,50,3
"148","CALIFORNIA","THOUSAND OAKS",2015,129976,65,0,18,0,12,35,830,131,638,61,4
"149","CALIFORNIA","TORRANCE",2014,147971,64,1,0,6,21,36,1218,282,813,123,2
"150","CALIFORNIA","TORRANCE",2015,149243,104,1,20,0,36,47,1418,272,980,166,1
"151","CALIFORNIA","VALLEJO",2014,119504,518,5,0,25,204,284,2380,1063,774,543,22
"152","CALIFORNIA","VALLEJO",2015,121257,502,8,55,0,154,285,2449,1084,852,513,17
"153","CALIFORNIA","VENTURA",2014,109246,121,1,0,12,45,63,1901,325,1484,92,2
"154","CALIFORNIA","VENTURA",2015,110077,196,1,32,0,53,110,1945,327,1493,125,8
"155","CALIFORNIA","VICTORVILLE",2014,122316,307,3,0,18,92,194,2100,891,931,278,8
"156","CALIFORNIA","VICTORVILLE",2015,123332,372,4,26,0,96,246,1891,617,991,283,23
"157","CALIFORNIA","VISALIA",2014,128488,233,5,0,17,74,137,1971,362,1325,284,2
"158","CALIFORNIA","VISALIA",2015,130405,285,3,34,0,75,173,1962,419,1303,240,10
"159","CALIFORNIA","WEST COVINA",2014,108136,106,0,0,2,31,73,1390,233,955,202,2
"160","CALIFORNIA","WEST COVINA",2015,109030,121,1,6,0,39,75,1460,182,1049,229,2
"161","COLORADO","AURORA",2014,350948,698,5,129,0,191,373,4832,905,3430,497,41
"162","COLORADO","AURORA",2015,360237,734,3,171,0,197,363,4961,781,3589,591,34
"163","COLORADO","BOULDER",2014,104284,122,1,22,0,13,86,1360,225,1056,79,14
"164","COLORADO","BOULDER",2015,105736,106,1,25,0,12,68,1376,237,1074,65,8
"165","COLORADO","COLORADO SPRINGS",2014,444949,982,11,196,0,207,568,7696,1252,5686,758,55
"166","COLORADO","COLORADO SPRINGS",2015,452410,991,10,191,0,191,599,7546,1108,5737,701,65
"167","COLORADO","FORT COLLINS",2014,154015,135,0,20,0,9,106,1690,194,1424,72,9
"168","COLORADO","FORT COLLINS",2015,159629,139,1,10,0,15,113,1532,182,1264,86,6
"169","COLORADO","LAKEWOOD",2014,148236,334,3,57,0,70,204,3298,493,2495,310,7
"170","COLORADO","LAKEWOOD",2015,151311,413,3,64,0,94,252,3489,412,2714,363,6
"171","COLORADO","PUEBLO",2014,108591,415,4,60,0,88,263,3651,914,2375,362,20
"172","COLORADO","PUEBLO",2015,108810,452,6,86,0,80,280,3360,1028,1974,358,19
"173","COLORADO","THORNTON",2014,129442,171,5,38,0,23,105,1804,212,1400,192,10
"174","COLORADO","THORNTON",2015,133188,103,2,22,0,11,68,1910,203,1391,316,11
"175","COLORADO","WESTMINSTER",2014,112100,130,2,18,0,28,82,1590,154,1286,150,5
"176","COLORADO","WESTMINSTER",2015,113547,132,3,28,0,20,81,1721,177,1319,225,6
"177","CONNECTICUT","BRIDGEPORT",2014,147822,617,2,32,0,248,335,1908,485,1114,309,15
"178","CONNECTICUT","BRIDGEPORT",2015,148313,488,8,39,0,214,227,1506,385,882,239,6
"179","CONNECTICUT","HARTFORD",2014,124943,671,7,22,0,229,413,2587,376,1823,388,19
"180","CONNECTICUT","HARTFORD",2015,124553,697,14,15,0,253,415,2549,414,1749,386,27
"181","CONNECTICUT","STAMFORD",2014,127385,147,1,12,0,68,66,955,114,742,99,7
"182","CONNECTICUT","STAMFORD",2015,129682,124,2,6,0,39,77,777,96,606,75,0
"183","CONNECTICUT","WATERBURY",2014,109495,165,3,14,0,83,65,1973,172,1514,287,5
"184","CONNECTICUT","WATERBURY",2015,109044,206,1,13,0,119,73,2093,203,1464,426,2
"185","FLORIDA","CAPE CORAL",2014,168712,116,2,5,0,18,91,1630,320,1226,84,1
"186","FLORIDA","CAPE CORAL",2015,173844,114,0,6,0,22,86,1552,288,1197,67,2
"187","FLORIDA","CLEARWATER",2014,110075,305,3,26,0,86,190,2169,389,1668,112,5
"188","FLORIDA","CLEARWATER",2015,111316,302,6,36,0,92,168,2188,306,1738,144,7
"189","FLORIDA","CORAL SPRINGS",2014,127939,95,0,10,0,23,62,1292,188,1046,58,2
"190","FLORIDA","CORAL SPRINGS",2015,129631,105,0,17,0,34,54,1111,157,884,70,1
"191","FLORIDA","FORT LAUDERDALE",2014,174056,656,9,39,0,289,319,4612,972,3311,329,17
"192","FLORIDA","FORT LAUDERDALE",2015,178598,692,4,68,0,200,420,4532,877,3266,389,13
"193","FLORIDA","GAINESVILLE",2014,128185,435,2,60,0,70,303,2203,312,1750,141,11
"194","FLORIDA","GAINESVILLE",2015,129410,416,2,43,0,91,280,2108,265,1719,124,5
"195","FLORIDA","HIALEAH",2014,235446,367,3,21,0,129,214,3186,348,2481,357,6
"196","FLORIDA","HIALEAH",2015,238132,407,2,14,0,142,249,2769,340,2088,341,14
"197","FLORIDA","HOLLYWOOD",2014,147918,408,6,37,0,125,240,3142,698,2236,208,2
"198","FLORIDA","HOLLYWOOD",2015,149822,353,6,34,0,131,182,2756,537,1958,261,1
"199","FLORIDA","JACKSONVILLE",2014,856021,2897,51,236,0,701,1909,16301,3363,11952,986,46
"200","FLORIDA","JACKSONVILLE",2015,867258,2764,46,226,0,620,1872,16090,3172,11840,1078,41
"201","FLORIDA","LAKELAND",2014,101428,285,4,44,0,84,153,2598,474,1993,131,0
"202","FLORIDA","LAKELAND",2015,103498,246,3,37,0,59,147,2368,371,1846,151,3
"203","FLORIDA","MIAMI",2014,421996,2080,43,35,0,768,1234,10028,1768,7083,1177,36
"204","FLORIDA","MIAMI",2015,437969,2226,42,33,0,829,1322,9604,1568,6885,1151,44
"205","FLORIDA","MIAMI GARDENS",2014,112373,369,8,9,0,104,248,2227,540,1455,232,8
"206","FLORIDA","MIAMI GARDENS",2015,113469,351,12,8,0,112,219,2001,390,1433,178,12
"207","FLORIDA","MIRAMAR",2014,132352,214,4,19,0,58,133,1341,390,861,90,4
"208","FLORIDA","MIRAMAR",2015,138330,225,3,21,0,65,136,1357,194,1051,112,6
"209","FLORIDA","ORLANDO",2014,259675,1136,12,80,0,279,765,8311,1801,6044,466,25
"210","FLORIDA","ORLANDO",2015,268438,1277,9,94,0,270,904,7874,1588,5753,533,25
"211","FLORIDA","PALM BAY",2014,105287,281,0,23,0,24,234,1054,230,754,70,3
"212","FLORIDA","PALM BAY",2015,106469,251,5,27,0,31,188,949,222,667,60,7
"213","FLORIDA","PEMBROKE PINES",2014,164372,132,2,8,0,54,68,1887,306,1491,90,1
"214","FLORIDA","PEMBROKE PINES",2015,167266,166,0,11,0,39,116,1831,291,1428,112,5
"215","FLORIDA","POMPANO BEACH",2014,105523,399,2,28,0,129,240,2243,488,1610,145,6
"216","FLORIDA","POMPANO BEACH",2015,107656,484,2,39,0,121,322,2176,356,1616,204,7
"217","FLORIDA","PORT ST. LUCIE",2014,172453,130,4,8,0,20,98,1204,261,905,38,5
"218","FLORIDA","PORT ST. LUCIE",2015,176364,124,2,4,0,13,105,1164,204,924,36,1
"219","FLORIDA","ST. PETERSBURG",2014,250772,1088,9,83,0,305,691,6830,1358,4832,640,23
"220","FLORIDA","ST. PETERSBURG",2015,255821,979,5,67,0,266,641,7156,1127,5263,766,23
"221","FLORIDA","TALLAHASSEE",2014,187573,840,5,89,0,150,596,4264,1054,2919,291,4
"222","FLORIDA","TALLAHASSEE",2015,189709,990,8,119,0,166,697,4443,960,3110,373,3
"223","FLORIDA","TAMPA",2014,357124,962,12,26,0,224,700,4056,823,3040,193,20
"224","FLORIDA","TAMPA",2015,364383,1127,21,32,0,296,778,4075,934,2863,278,35
"225","FLORIDA","WEST PALM BEACH",2014,103028,447,9,20,0,152,266,2376,420,1795,161,7
"226","FLORIDA","WEST PALM BEACH",2015,104919,416,6,25,0,123,262,2451,355,1861,235,6
"227","GEORGIA","ATHENS-CLARKE COUNTY",2014,121511,159,3,0,21,45,90,1734,349,1296,89,14
"228","GEORGIA","ATHENS-CLARKE COUNTY",2015,120858,257,1,0,25,62,169,1920,370,1446,104,16
"229","GEORGIA","ATLANTA",2014,454363,2580,39,0,74,1043,1424,12119,2546,7628,1945,28
"230","GEORGIA","ATLANTA",2015,464710,2529,45,0,83,905,1496,12145,2258,7703,2184,27
"231","GEORGIA","COLUMBUS",2014,206714,516,11,0,25,225,255,5764,1496,3719,549,20
"232","GEORGIA","COLUMBUS",2015,209593,523,5,0,31,243,244,5427,1297,3595,535,20
"233","GEORGIA","SANDY SPRINGS",2014,101184,71,0,0,10,46,15,1381,312,982,87,1
"234","GEORGIA","SANDY SPRINGS",2015,103898,73,2,0,6,41,24,1237,272,886,79,1
"235","GEORGIA","SAVANNAH-CHATHAM METROPOLITAN",2014,236682,395,15,0,31,190,159,3921,775,2808,338,15
"236","GEORGIA","SAVANNAH-CHATHAM METROPOLITAN",2015,240178,487,19,0,31,209,228,4457,907,3023,527,7
"237","HAWAII","HONOLULU",2014,994034,995,12,0,0,431,552,14443,2163,10589,1691,133
"238","HAWAII","HONOLULU",2015,999307,1158,12,147,0,438,561,13836,2072,10144,1620,126
"239","IDAHO","BOISE",2014,216260,332,2,65,0,32,233,2078,349,1646,83,19
"240","IDAHO","BOISE",2015,218844,293,0,55,0,17,221,2122,272,1718,132,22
"241","ILLINOIS","AURORA",2014,200419,284,4,18,0,53,209,1315,196,1074,45,8
"242","ILLINOIS","AURORA",2015,201034,296,4,24,0,47,221,1283,207,1021,55,4
"243","ILLINOIS","CHICAGO",2014,2724121,10888,175,654,0,4400,5659,39749,6649,28326,4774,223
"244","ILLINOIS","CHICAGO",2015,2728695,10969,207,622,0,4051,6089,36468,5650,26005,4813,242
"245","ILLINOIS","ELGIN",2014,110595,112,1,22,0,31,58,899,144,727,28,7
"246","ILLINOIS","ELGIN",2015,111832,102,3,17,0,19,63,742,113,600,29,2
"247","ILLINOIS","JOLIET",2014,147838,219,1,5,0,45,168,1346,271,1016,59,22
"248","ILLINOIS","JOLIET",2015,147991,197,3,18,0,51,125,1597,329,1216,52,18
"249","ILLINOIS","NAPERVILLE",2014,145510,52,1,5,0,8,38,717,72,626,19,1
"250","ILLINOIS","NAPERVILLE",2015,147101,45,0,2,0,10,33,749,65,671,13,1
"251","ILLINOIS","PEORIA",2014,116923,370,4,32,0,112,222,2244,558,1596,90,25
"252","ILLINOIS","PEORIA",2015,116066,346,5,27,0,124,190,2016,471,1479,66,16
"253","ILLINOIS","ROCKFORD",2014,149586,927,10,69,0,178,670,2947,759,2019,169,34
"254","ILLINOIS","ROCKFORD",2015,148178,1142,9,78,0,195,860,2621,651,1767,203,32
"255","ILLINOIS","SPRINGFIELD",2014,117134,551,2,42,0,111,396,2523,479,2005,39,25
"256","ILLINOIS","SPRINGFIELD",2015,118765,558,4,47,0,110,397,2210,378,1736,96,23
"257","INDIANA","EVANSVILLE",2014,120372,286,5,0,33,108,140,3229,490,2522,217,24
"258","INDIANA","EVANSVILLE",2015,120414,347,2,0,35,81,229,2722,471,2100,151,23
"259","INDIANA","FORT WAYNE",2014,257172,376,4,44,0,156,172,3883,781,2950,152,22
"260","INDIANA","FORT WAYNE",2015,259712,457,12,42,0,209,194,3499,628,2719,152,30
"261","INDIANA","SOUTH BEND",2014,100853,302,7,49,0,128,118,2039,502,1410,127,12
"262","INDIANA","SOUTH BEND",2015,101240,325,9,32,0,166,118,2312,523,1610,179,14
"263","IOWA","CEDAR RAPIDS",2014,128901,179,8,19,0,54,98,2236,386,1727,123,6
"264","IOWA","CEDAR RAPIDS",2015,130696,170,2,16,0,52,100,2267,412,1722,133,5
"265","IOWA","DES MOINES",2014,208250,584,3,51,0,124,406,3879,821,2658,400,12
"266","IOWA","DES MOINES",2015,211150,806,8,62,0,117,619,3995,889,2655,451,21
"267","KANSAS","KANSAS CITY",2014,149103,494,13,113,0,108,260,3386,793,2134,459,21
"268","KANSAS","KANSAS CITY",2015,151180,558,12,144,0,136,266,3386,641,2312,433,23
"269","KANSAS","OVERLAND PARK",2014,183108,137,5,44,0,12,76,1508,173,1070,265,6
"270","KANSAS","OVERLAND PARK",2015,187240,192,2,87,0,20,83,1708,206,1230,272,10
"271","KANSAS","TOPEKA",2014,127673,303,4,27,0,86,186,2872,441,2168,263,4
"272","KANSAS","TOPEKA",2015,127096,325,3,40,0,99,183,3183,580,2324,279,3
"273","KANSAS","WICHITA",2014,387493,1497,13,129,0,258,1097,9482,1639,6756,1087,45
"274","KANSAS","WICHITA",2015,392890,1764,11,155,0,322,1276,8564,1524,6175,865,48
"275","KENTUCKY","LEXINGTON",2014,311848,514,11,73,0,258,172,5757,1181,4123,453,24
"276","KENTUCKY","LEXINGTON",2015,314077,490,9,81,0,229,171,5727,1203,4010,514,22
"277","KENTUCKY","LOUISVILLE METRO",2014,678513,1904,27,96,0,669,1112,13054,2857,9212,985,82
"278","KENTUCKY","LOUISVILLE METRO",2015,680550,2048,41,93,0,705,1209,13135,2909,8885,1341,78
"279","LOUISIANA","BATON ROUGE",2014,229387,1078,27,34,0,426,591,5045,1380,3406,259,78
"280","LOUISIANA","BATON ROUGE",2015,228727,967,27,47,0,393,500,4692,1136,3313,243,65
"281","LOUISIANA","LAFAYETTE",2014,125122,390,1,4,0,113,272,3526,613,2676,237,35
"282","LOUISIANA","LAFAYETTE",2015,127273,329,6,11,0,72,240,3224,473,2532,219,17
"283","LOUISIANA","NEW ORLEANS",2014,387113,1869,71,98,0,713,987,7901,1636,5056,1209,16
"284","LOUISIANA","NEW ORLEANS",2015,393447,1652,92,152,0,622,786,7304,1362,4773,1169,15
"285","LOUISIANA","SHREVEPORT",2014,200184,716,9,65,0,189,453,4398,946,3201,251,27
"286","LOUISIANA","SHREVEPORT",2015,197592,793,10,74,0,218,491,4960,1052,3637,271,26
"287","MARYLAND","BALTIMORE",2014,623513,3989,99,0,129,1641,2120,14003,3215,8511,2277,102
"288","MARYLAND","BALTIMORE",2015,621252,4224,144,140,0,1826,2114,14194,3577,8205,2412,132
"289","MASSACHUSETTS","CAMBRIDGE",2014,108201,146,1,11,0,36,98,1090,125,907,58,0
"290","MASSACHUSETTS","CAMBRIDGE",2015,110953,151,1,14,0,42,94,1236,188,994,54,2
"291","MASSACHUSETTS","LOWELL",2014,109729,262,1,17,0,74,170,1267,314,797,156,12
"292","MASSACHUSETTS","LOWELL",2015,110819,227,0,10,0,65,152,1083,221,776,86,7
"293","MASSACHUSETTS","SPRINGFIELD",2014,153766,777,6,51,0,261,459,2688,779,1616,293,26
"294","MASSACHUSETTS","SPRINGFIELD",2015,154090,837,13,43,0,247,534,2350,573,1501,276,18
"295","MASSACHUSETTS","WORCESTER",2014,183248,814,4,7,0,175,628,2570,660,1740,170,1
"296","MASSACHUSETTS","WORCESTER",2015,183377,770,4,4,0,189,573,2316,491,1640,185,2
"297","MICHIGAN","ANN ARBOR",2014,117768,94,0,29,0,9,56,1010,156,792,62,4
"298","MICHIGAN","ANN ARBOR",2015,118730,96,0,26,0,13,57,1043,95,912,36,3
"299","MICHIGAN","DETROIT",2014,684694,6292,135,284,0,1589,4284,15748,4390,6629,4729,235
"300","MICHIGAN","DETROIT",2015,673225,5711,107,234,0,1128,4242,13515,3329,6810,3376,420
"301","MICHIGAN","GRAND RAPIDS",2014,193385,623,3,31,0,198,391,2388,584,1683,121,25
"302","MICHIGAN","GRAND RAPIDS",2015,195268,618,5,57,0,153,403,2069,438,1515,116,24
"303","MICHIGAN","LANSING",2014,113901,537,5,38,0,109,385,1550,436,956,158,11
"304","MICHIGAN","LANSING",2015,114694,469,4,39,0,82,344,1347,335,883,129,7
"305","MICHIGAN","STERLING HEIGHTS",2014,131604,101,0,16,0,13,72,981,130,778,73,7
"306","MICHIGAN","STERLING HEIGHTS",2015,133437,94,2,20,0,7,65,828,75,688,65,4
"307","MICHIGAN","WARREN",2014,135080,288,3,39,0,62,184,1563,340,993,230,8
"308","MICHIGAN","WARREN",2015,135367,364,2,55,0,59,248,1427,291,867,269,10
"309","MISSISSIPPI","JACKSON",2014,172376,710,35,0,61,313,301,4837,1468,2872,497,59
"310","MISSISSIPPI","JACKSON",2015,170508,745,27,0,71,366,281,4117,1115,2504,498,56
"311","MISSOURI","COLUMBIA",2014,116847,162,2,30,0,43,87,1908,265,1565,78,6
"312","MISSOURI","COLUMBIA",2015,118911,274,1,44,0,66,163,1605,385,1135,85,5
"313","MISSOURI","INDEPENDENCE",2014,117321,223,1,25,0,50,147,3182,505,2271,406,17
"314","MISSOURI","INDEPENDENCE",2015,117639,216,1,28,0,56,131,2922,409,2073,440,7
"315","MISSOURI","KANSAS CITY",2014,468417,2735,35,191,0,707,1802,10823,2524,6336,1963,111
"316","MISSOURI","KANSAS CITY",2015,473373,2987,36,162,0,689,2100,9709,2247,5697,1765,69
"317","MISSOURI","SPRINGFIELD",2014,165280,942,5,136,0,181,620,5719,864,4294,561,29
"318","MISSOURI","SPRINGFIELD",2015,166860,1063,7,128,0,212,716,5961,935,4438,588,30
"319","MISSOURI","ST. LOUIS",2014,318574,2284,58,144,0,594,1488,8616,1756,5435,1425,86
"320","MISSOURI","ST. LOUIS",2015,317095,2806,92,127,0,832,1755,9608,1947,6031,1630,79
"321","MONTANA","BILLINGS",2014,110245,195,2,41,0,28,124,2345,326,1758,261,3
"322","MONTANA","BILLINGS",2015,109997,233,2,30,0,40,161,2369,295,1662,412,6
"323","NEBRASKA","LINCOLN",2014,271208,445,4,0,76,99,266,4212,628,3442,142,33
"324","NEBRASKA","LINCOLN",2015,276585,471,0,0,83,104,284,4226,625,3432,169,38
"325","NEVADA","HENDERSON",2014,274121,198,1,33,0,69,95,2725,692,1788,245,11
"326","NEVADA","HENDERSON",2015,282554,229,1,51,0,83,94,2677,679,1731,267,7
"327","NEVADA","NORTH LAS VEGAS",2014,229436,877,4,40,0,223,610,2795,1019,1335,441,10
"328","NEVADA","NORTH LAS VEGAS",2015,234386,995,5,45,0,223,722,2614,897,1282,435,7
"329","NEVADA","RENO",2014,235055,530,3,60,0,141,326,3144,626,2180,338,7
"330","NEVADA","RENO",2015,239721,618,9,67,0,145,397,3573,662,2460,451,3
"331","NEW HAMPSHIRE","MANCHESTER",2014,110571,342,3,25,0,110,204,1855,357,1415,83,12
"332","NEW HAMPSHIRE","MANCHESTER",2015,110661,320,2,37,0,112,169,2098,360,1639,99,13
"333","NEW JERSEY","EDISON TOWNSHIP",2014,101965,46,0,0,2,25,19,541,146,346,49,6
"334","NEW JERSEY","EDISON TOWNSHIP",2015,102281,46,0,1,0,21,24,570,103,427,40,7
"335","NEW JERSEY","ELIZABETH",2014,128345,504,5,0,13,281,205,1724,364,960,400,5
"336","NEW JERSEY","ELIZABETH",2015,129364,484,8,23,0,242,211,1744,325,1038,381,6
"337","NEW JERSEY","JERSEY CITY",2014,260005,621,13,0,16,272,320,1983,441,1266,276,20
"338","NEW JERSEY","JERSEY CITY",2015,265159,636,8,51,0,253,324,1898,390,1237,271,35
"339","NEW JERSEY","NEWARK",2014,279110,1355,43,0,21,891,400,3743,828,1824,1091,21
"340","NEW JERSEY","NEWARK",2015,282997,1401,42,43,0,861,455,3696,800,1621,1275,9
"341","NEW JERSEY","PATERSON",2014,146083,572,9,0,9,286,268,1856,556,958,342,8
"342","NEW JERSEY","PATERSON",2015,146588,465,7,18,0,206,234,1853,616,905,332,4
"343","NEW JERSEY","WOODBRIDGE TOWNSHIP",2014,100969,53,0,0,3,25,25,932,119,770,43,3
"344","NEW JERSEY","WOODBRIDGE TOWNSHIP",2015,100950,46,0,0,0,22,24,722,103,570,49,1
"345","NEW MEXICO","ALBUQUERQUE",2014,558874,2367,12,0,197,619,1539,15064,3095,10248,1721,46
"346","NEW MEXICO","ALBUQUERQUE",2015,559721,2691,23,0,199,861,1608,15853,2903,10755,2195,46
"347","NEW YORK","AMHERST TOWN",2014,118860,64,1,5,0,22,36,905,71,815,19,2
"348","NEW YORK","AMHERST TOWN",2015,120207,56,0,7,0,19,30,812,81,708,23,6
"349","NEW YORK","BUFFALO",2014,258419,1507,19,76,0,605,807,5876,1435,3941,500,74
"350","NEW YORK","BUFFALO",2015,258096,1297,12,87,0,457,741,4904,1040,3379,485,70
"351","NEW YORK","NEW YORK",2014,8473938,24191,146,1075,0,7691,15279,63155,7433,52230,3492,31
"352","NEW YORK","NEW YORK",2015,8550861,23225,164,1082,0,7598,14381,60300,6410,50526,3364,31
"353","NEW YORK","ROCHESTER",2014,210347,776,19,93,0,286,378,3874,826,2746,302,50
"354","NEW YORK","ROCHESTER",2015,209922,853,15,65,0,287,486,3575,696,2502,377,44
"355","NEW YORK","SYRACUSE",2014,144534,526,6,33,0,164,323,2682,665,1890,127,24
"356","NEW YORK","SYRACUSE",2015,144027,528,8,34,0,191,295,2361,530,1690,141,19
"357","NEW YORK","YONKERS",2014,200624,475,2,10,0,152,311,928,190,652,86,10
"358","NEW YORK","YONKERS",2015,201753,447,3,23,0,161,260,980,194,644,142,6
"359","NORTH CAROLINA","CARY",2014,154978,55,3,0,5,18,29,827,164,642,21,4
"360","NORTH CAROLINA","CARY",2015,160291,31,2,0,4,9,16,919,169,718,32,2
"361","NORTH CAROLINA","DURHAM",2014,249738,923,9,0,34,299,581,5187,1729,3162,296,9
"362","NORTH CAROLINA","DURHAM",2015,253216,1069,15,0,29,360,665,5377,1670,3395,312,16
"363","NORTH CAROLINA","GREENSBORO",2014,282203,619,6,0,28,209,376,5016,1260,3523,233,61
"364","NORTH CAROLINA","GREENSBORO",2015,285950,739,11,0,35,217,476,4812,1068,3505,239,52
"365","NORTH CAROLINA","HIGH POINT",2014,108540,236,3,0,12,64,157,1873,510,1255,108,13
"366","NORTH CAROLINA","HIGH POINT",2015,109669,309,2,0,18,99,190,1683,333,1230,120,6
"367","NORTH CAROLINA","WILMINGTON",2014,113418,367,5,0,17,112,233,2362,645,1565,152,12
"368","NORTH CAROLINA","WILMINGTON",2015,115434,389,4,0,29,127,229,2441,627,1655,159,4
"369","NORTH DAKOTA","FARGO",2014,115686,187,3,39,0,30,115,1303,210,1014,79,6
"370","NORTH DAKOTA","FARGO",2015,118490,169,3,21,0,21,124,1528,318,1095,115,4
"371","OHIO","AKRON",2014,197891,679,8,89,0,176,406,4007,1234,2536,237,30
"372","OHIO","AKRON",2015,197587,597,11,77,0,200,309,3858,1111,2450,297,38
"373","OHIO","CINCINNATI",2014,297671,1258,39,114,0,634,471,7663,2269,4874,520,158
"374","OHIO","CINCINNATI",2015,298478,1287,38,99,0,601,549,7606,1979,5126,501,233
"375","OHIO","CLEVELAND",2014,388655,2499,26,266,0,1408,799,9537,3113,4687,1737,138
"376","OHIO","CLEVELAND",2015,394068,2390,37,215,0,1286,852,8537,2411,4509,1617,126
"377","OHIO","COLUMBUS",2014,830811,2336,49,394,0,1035,858,16327,4073,10848,1406,277
"378","OHIO","COLUMBUS",2015,847745,2237,37,346,0,1085,769,15537,3346,10678,1513,262
"379","OHIO","DAYTON",2014,143217,619,17,74,0,267,261,3586,1166,2160,260,32
"380","OHIO","DAYTON",2015,140683,650,10,70,0,230,340,3187,1095,1815,277,53
"381","OHIO","TOLEDO, ",2014,281150,1390,11,113,0,414,852,6217,2142,3650,425,31
"382","OHIO","TOLEDO, ",2015,285066,1444,5,116,0,431,892,5668,1769,3497,402,31
"383","OKLAHOMA","BROKEN ARROW",2014,104592,64,0,12,0,26,26,754,157,552,45,7
"384","OKLAHOMA","BROKEN ARROW",2015,106145,74,0,21,0,19,34,897,168,649,80,2
"385","OKLAHOMA","OKLAHOMA CITY",2014,617975,2354,20,196,0,522,1616,13332,3146,8375,1811,42
"386","OKLAHOMA","OKLAHOMA CITY",2015,630621,2399,30,242,0,544,1583,11795,2796,7554,1445,47
"387","OKLAHOMA","TULSA",2014,399556,1590,18,176,0,428,968,9844,2619,6059,1166,68
"388","OKLAHOMA","TULSA",2015,401520,1658,27,160,0,410,1061,9445,2473,5811,1161,80
"389","OREGON","EUGENE",2014,159882,287,1,42,0,84,160,3252,539,2427,286,15
"390","OREGON","EUGENE",2015,161608,244,0,36,0,76,132,2950,518,2209,223,18
"391","OREGON","SALEM",2014,162028,261,0,29,0,51,181,3411,444,2639,328,14
"392","OREGON","SALEM",2015,163320,245,2,16,0,49,178,3317,335,2654,328,13
"393","PENNSYLVANIA","ALLENTOWN",2014,118710,269,4,34,0,130,101,1887,478,1269,140,4
"394","PENNSYLVANIA","ALLENTOWN",2015,119335,231,4,24,0,113,90,1389,282,1019,88,11
"395","PENNSYLVANIA","ERIE",2014,100403,177,3,24,0,47,103,1204,326,844,34,13
"396","PENNSYLVANIA","ERIE",2015,98887,218,3,25,0,59,131,1207,292,856,59,14
"397","PENNSYLVANIA","PHILADELPHIA",2014,1559062,7661,115,577,0,3294,3675,24285,4566,17078,2641,197
"398","PENNSYLVANIA","PHILADELPHIA",2015,1567810,7648,115,679,0,3113,3741,23292,3936,16915,2441,152
"399","RHODE ISLAND","PROVIDENCE",2014,178640,421,7,45,0,133,236,3090,671,2011,408,15
"400","RHODE ISLAND","PROVIDENCE",2015,181128,475,6,57,0,128,284,2676,525,1894,257,12
"401","SOUTH CAROLINA","CHARLESTON",2014,129867,135,5,13,0,40,77,1473,181,1217,75,2
"402","SOUTH CAROLINA","CHARLESTON",2015,132585,169,5,25,0,42,97,1475,225,1140,110,1
"403","SOUTH CAROLINA","NORTH CHARLESTON",2014,105594,364,8,43,0,101,212,2762,379,2136,247,5
"404","SOUTH CAROLINA","NORTH CHARLESTON",2015,109051,367,3,46,0,103,215,2509,340,1938,231,5
"405","SOUTH DAKOTA","SIOUX FALLS",2014,167339,395,2,78,0,48,267,2309,402,1778,129,12
"406","SOUTH DAKOTA","SIOUX FALLS",2015,172313,344,1,57,0,21,265,2542,462,1921,159,17
"407","TENNESSEE","CHATTANOOGA",2014,174449,883,17,60,0,182,624,5503,991,3999,513,6
"408","TENNESSEE","CHATTANOOGA",2015,174969,818,9,42,0,132,635,5160,895,3833,432,8
"409","TENNESSEE","CLARKSVILLE",2014,144639,438,6,36,0,54,342,2071,471,1509,91,14
"410","TENNESSEE","CLARKSVILLE",2015,150319,414,6,29,0,39,340,1878,317,1485,76,9
"411","TENNESSEE","KNOXVILLE",2014,184362,789,7,63,0,194,525,5993,982,4614,397,6
"412","TENNESSEE","KNOXVILLE",2015,185638,897,9,104,0,209,575,5438,865,4188,385,8
"413","TENNESSEE","MEMPHIS",2014,654922,5633,65,269,0,1553,3746,18200,5148,11709,1343,151
"414","TENNESSEE","MEMPHIS",2015,657936,5517,64,241,0,1400,3812,17445,4720,11535,1190,134
"415","TENNESSEE","MURFREESBORO",2014,119005,280,6,27,0,55,192,1921,332,1500,89,2
"416","TENNESSEE","MURFREESBORO",2015,123994,325,2,28,0,73,222,1944,440,1429,75,6
"417","TENNESSEE","NASHVILLE",2014,647689,3489,20,258,0,642,2569,11209,2321,8396,492,51
"418","TENNESSEE","NASHVILLE",2015,658029,3253,24,240,0,756,2233,11281,2249,8368,664,21
"419","TEXAS","ABILENE",2014,120686,262,3,0,49,58,152,2471,437,1894,140,18
"420","TEXAS","ABILENE",2015,121764,336,6,38,0,64,228,2805,609,2003,193,12
"421","TEXAS","AMARILLO",2014,197724,688,3,133,0,144,408,4464,892,3142,430,15
"422","TEXAS","AMARILLO",2015,198770,651,3,116,0,137,395,4377,892,3111,374,13
"423","TEXAS","ARLINGTON",2014,382976,907,6,0,102,241,558,6455,1207,4798,450,21
"424","TEXAS","ARLINGTON",2015,388310,1021,4,169,0,248,600,6679,1098,5169,412,19
"425","TEXAS","BEAUMONT",2014,117898,522,8,0,44,144,326,2799,763,1923,113,19
"426","TEXAS","BEAUMONT",2015,117635,572,11,45,0,162,354,2250,570,1582,98,18
"427","TEXAS","BROWNSVILLE ",2014,183433,273,3,0,42,67,161,3604,475,3048,81,7
"428","TEXAS","BROWNSVILLE ",2015,184941,239,1,24,0,76,138,3700,501,3124,75,9
"429","TEXAS","CARROLLTON",2014,128577,91,1,0,1,25,64,1312,257,935,120,5
"430","TEXAS","CARROLLTON",2015,130676,76,1,4,0,28,43,1380,229,1024,127,0
"431","TEXAS","COLLEGE STATION",2014,101483,85,0,13,0,21,51,1158,292,833,33,0
"432","TEXAS","COLLEGE STATION",2015,105855,109,2,31,0,20,56,1119,182,894,43,0
"433","TEXAS","CORPUS CHRISTI",2014,319211,976,12,0,144,184,636,7186,1185,5757,244,31
"434","TEXAS","CORPUS CHRISTI",2015,324326,1039,12,155,0,205,667,5339,945,4133,261,28
"435","TEXAS","DALLAS",2014,1272396,3941,53,0,384,1781,1723,21979,5567,13100,3312,180
"436","TEXAS","DALLAS",2015,1301977,4342,69,405,0,2008,1860,21508,5095,12778,3635,196
"437","TEXAS","DENTON",2014,125248,189,0,64,0,31,94,1325,201,1065,59,0
"438","TEXAS","DENTON",2015,131194,211,2,50,0,34,125,1366,170,1121,75,0
"439","TEXAS","EL PASO",2014,680273,1396,7,0,183,227,979,7345,837,6106,402,26
"440","TEXAS","EL PASO",2015,686077,1204,8,153,0,192,851,6240,646,5233,361,38
"441","TEXAS","FORT WORTH",2014,804907,2243,30,272,0,580,1361,15642,3642,10867,1133,80
"442","TEXAS","FORT WORTH",2015,829731,2208,25,281,0,481,1421,14916,2964,10823,1129,60
"443","TEXAS","FRISCO",2014,141940,57,1,10,0,6,40,1226,219,974,33,6
"444","TEXAS","FRISCO",2015,152678,49,1,12,0,14,22,1088,178,885,25,1
"445","TEXAS","GRAND PRAIRIE",2014,185273,249,1,0,46,93,109,2440,463,1651,326,6
"446","TEXAS","GRAND PRAIRIE",2015,187901,277,1,65,0,58,153,1962,349,1381,232,11
"447","TEXAS","HOUSTON",2014,2219933,10401,100,0,416,4717,5168,52686,10826,34814,7046,341
"448","TEXAS","HOUSTON",2015,2275221,10216,144,374,0,4777,4921,48909,9597,32644,6668,332
"449","TEXAS","IRVING",2014,231708,271,2,0,19,81,169,3142,562,2297,283,13
"450","TEXAS","IRVING",2015,236465,216,6,15,0,83,112,2914,507,2132,275,10
"451","TEXAS","LAREDO",2014,250994,518,9,0,40,95,374,5079,668,4260,151,51
"452","TEXAS","LAREDO",2015,256280,491,4,64,0,69,354,4291,532,3599,160,43
"453","TEXAS","LEWISVILLE",2014,102439,98,0,18,0,25,55,1257,214,897,146,1
"454","TEXAS","LEWISVILLE",2015,104741,115,1,25,0,27,62,1109,157,849,103,2
"455","TEXAS","LUBBOCK",2014,241826,930,5,0,56,132,737,5084,1059,3648,377,28
"456","TEXAS","LUBBOCK",2015,247271,1104,8,90,0,167,839,5785,1231,4138,416,19
"457","TEXAS","MCKINNEY",2014,152806,110,2,16,0,27,65,1357,192,1090,75,6
"458","TEXAS","MCKINNEY",2015,163406,138,2,26,0,27,83,1241,136,1049,56,6
"459","TEXAS","MESQUITE",2014,144396,226,1,0,29,85,111,2646,566,1701,379,5
"460","TEXAS","MESQUITE",2015,145569,215,3,22,0,99,91,2876,553,1910,413,2
"461","TEXAS","ODESSA",2014,113619,496,4,0,28,72,392,1953,333,1391,229,5
"462","TEXAS","ODESSA",2015,118606,589,6,32,0,79,472,2270,383,1618,269,13
"463","TEXAS","PASADENA",2014,153540,300,4,0,41,82,173,2407,397,1743,267,7
"464","TEXAS","PASADENA",2015,154986,292,1,38,0,81,172,2203,351,1540,312,25
"465","TEXAS","PEARLAND",2014,102516,72,1,19,0,11,41,927,121,777,29,3
"466","TEXAS","PEARLAND",2015,106850,80,1,26,0,19,34,1088,177,871,40,2
"467","TEXAS","PLANO",2014,277822,249,2,47,0,81,119,2674,345,2184,145,13
"468","TEXAS","PLANO",2015,282968,223,3,46,0,64,110,2382,343,1921,118,8
"469","TEXAS","RICHARDSON",2014,105744,90,1,0,12,38,39,1199,167,960,72,4
"470","TEXAS","RICHARDSON",2015,111008,76,0,13,0,26,37,1092,192,825,75,1
"471","TEXAS","ROUND ROCK",2014,112199,57,0,0,12,20,25,1031,111,900,20,5
"472","TEXAS","ROUND ROCK",2015,115955,71,1,15,0,18,37,1062,98,943,21,2
"473","TEXAS","SAN ANTONIO",2014,1428465,3757,43,0,518,885,2311,38179,6230,28292,3657,139
"474","TEXAS","SAN ANTONIO",2015,1463586,4005,51,509,0,915,2530,35261,5576,26572,3113,119
"475","TEXAS","TYLER",2014,100969,184,5,0,0,37,142,1972,334,1550,88,0
"476","TEXAS","TYLER",2015,102481,214,5,27,0,38,144,1889,320,1485,84,0
"477","TEXAS","WICHITA FALLS",2014,104949,203,2,0,43,51,107,2030,450,1459,121,0
"478","TEXAS","WICHITA FALLS",2015,105186,200,1,48,0,54,97,2058,456,1527,75,0
"479","UTAH","PROVO",2014,117158,45,0,0,0,10,35,1122,104,947,71,1
"480","UTAH","PROVO",2015,115294,80,0,34,0,10,36,1075,100,907,68,1
"481","UTAH","SALT LAKE CITY",2014,192368,666,1,113,0,193,359,7355,730,5807,818,46
"482","UTAH","SALT LAKE CITY",2015,195047,734,3,123,0,211,397,8341,995,6309,1037,20
"483","UTAH","WEST VALLEY",2014,134590,309,1,0,0,70,238,2876,398,2027,451,10
"484","UTAH","WEST VALLEY",2015,136465,371,1,57,0,71,242,2755,381,1942,432,9
"485","VIRGINIA","ALEXANDRIA",2014,151065,133,2,9,0,77,45,1424,102,1185,137,8
"486","VIRGINIA","ALEXANDRIA",2015,152710,131,0,11,0,53,67,1325,112,1112,101,1
"487","VIRGINIA","CHESAPEAKE",2014,232489,472,4,34,0,82,352,3103,572,2410,121,11
"488","VIRGINIA","CHESAPEAKE",2015,235273,476,6,28,0,81,361,2754,458,2138,158,13
"489","VIRGINIA","HAMPTON",2014,136590,168,5,21,0,50,92,2064,255,1706,103,14
"490","VIRGINIA","HAMPTON",2015,136381,154,7,15,0,71,61,1947,288,1515,144,13
"491","VIRGINIA","NEWPORT NEWS ",2014,182374,363,11,36,0,94,222,2750,481,2098,171,33
"492","VIRGINIA","NEWPORT NEWS ",2015,182975,338,17,30,0,98,193,2461,436,1864,161,24
"493","VIRGINIA","NORFOLK",2014,247078,572,19,52,0,158,343,4516,600,3694,222,13
"494","VIRGINIA","NORFOLK",2015,245400,606,7,46,0,199,354,4072,516,3413,143,13
"495","VIRGINIA","RICHMOND",2014,216747,604,23,12,0,264,305,4003,840,2830,333,26
"496","VIRGINIA","RICHMOND",2015,220802,517,16,12,0,234,255,3567,672,2577,318,32
"497","VIRGINIA","VIRGINIA BEACH",2014,451102,327,12,55,0,123,137,4720,541,4015,164,33
"498","VIRGINIA","VIRGINIA BEACH",2015,452797,305,12,36,0,128,129,4582,508,3878,196,44
"499","WASHINGTON","BELLEVUE",2014,135449,74,1,0,17,34,22,2281,296,1849,136,6
"500","WASHINGTON","BELLEVUE",2015,138532,60,2,10,0,23,25,2056,310,1622,124,8
"501","WASHINGTON","EVERETT",2014,105911,192,2,0,18,73,99,3505,616,2352,537,13
"502","WASHINGTON","EVERETT",2015,107633,191,4,0,19,65,103,3040,477,2156,407,20
"503","WASHINGTON","KENT",2014,125837,171,0,33,0,65,73,3058,445,2126,487,10
"504","WASHINGTON","KENT",2015,127259,146,3,22,0,62,59,2841,429,1949,463,11
"505","WASHINGTON","SEATTLE",2014,663410,1950,13,79,0,755,1103,20475,3466,14102,2907,40
"506","WASHINGTON","SEATTLE",2015,683700,1961,9,65,0,766,1121,17919,3597,12348,1974,34
"507","WASHINGTON","SPOKANE",2014,211025,582,5,0,52,229,296,9004,1625,6259,1120,28
"508","WASHINGTON","SPOKANE",2015,212698,538,5,0,51,170,312,7592,1400,5379,813,24
"509","WASHINGTON","TACOMA",2014,204722,745,7,75,0,224,439,6008,1502,3658,848,31
"510","WASHINGTON","TACOMA",2015,206884,749,4,57,0,229,459,6119,1185,4013,921,26
"511","WASHINGTON","VANCOUVER",2014,168688,269,4,41,0,74,150,2625,393,1810,422,27
"512","WASHINGTON","VANCOUVER",2015,171076,318,0,43,0,55,220,2577,408,1819,350,26
"513","WISCONSIN","GREEN BAY",2014,104979,256,3,26,0,32,195,1074,184,848,42,5
"514","WISCONSIN","GREEN BAY",2015,105119,211,1,24,0,22,164,1018,180,793,45,5
"515","WISCONSIN","KENOSHA",2014,100025,147,4,0,10,51,82,1045,251,744,50,9
"516","WISCONSIN","KENOSHA",2015,100038,127,2,0,26,50,49,920,152,714,54,2
"517","WISCONSIN","MADISON",2014,245788,400,3,42,0,101,254,3135,448,2572,115,4
"518","WISCONSIN","MADISON",2015,248833,414,3,48,0,99,264,3121,544,2475,102,4
"519","WISCONSIN","MILWAUKEE",2014,600374,3957,36,192,0,1551,2178,12303,2416,6966,2921,110
"520","WISCONSIN","MILWAUKEE",2015,600400,3921,75,168,0,1501,2177,11197,2439,5798,2960,99
