GEO.id,GEO.id2,GEO.display-label,HD01_VD01,HD02_VD01,HD01_VD02,HD02_VD02,HD01_VD03,HD02_VD03,HD01_VD04,HD02_VD04,HD01_VD05,HD02_VD05,HD01_VD06,HD02_VD06,HD01_VD07,HD02_VD07,HD01_VD08,HD02_VD08,HD01_VD09,HD02_VD09,HD01_VD10,HD02_VD10,HD01_VD11,HD02_VD11,HD01_VD12,HD02_VD12,HD01_VD13,HD02_VD13,HD01_VD14,HD02_VD14,HD01_VD15,HD02_VD15,HD01_VD16,HD02_VD16,HD01_VD17,HD02_VD17,HD01_VD18,HD02_VD18,HD01_VD19,HD02_VD19,HD01_VD20,HD02_VD20,HD01_VD21,HD02_VD21
Id,Id2,Geography,Estimate; Total:,Margin of Error; Total:,Estimate; Not Hispanic or Latino:,Margin of Error; Not Hispanic or Latino:,Estimate; Not Hispanic or Latino: - White alone,Margin of Error; Not Hispanic or Latino: - White alone,Estimate; Not Hispanic or Latino: - Black or African American alone,Margin of Error; Not Hispanic or Latino: - Black or African American alone,Estimate; Not Hispanic or Latino: - American Indian and Alaska Native alone,Margin of Error; Not Hispanic or Latino: - American Indian and Alaska Native alone,Estimate; Not Hispanic or Latino: - Asian alone,Margin of Error; Not Hispanic or Latino: - Asian alone,Estimate; Not Hispanic or Latino: - Native Hawaiian and Other Pacific Islander alone,Margin of Error; Not Hispanic or Latino: - Native Hawaiian and Other Pacific Islander alone,Estimate; Not Hispanic or Latino: - Some other race alone,Margin of Error; Not Hispanic or Latino: - Some other race alone,Estimate; Not Hispanic or Latino: - Two or more races:,Margin of Error; Not Hispanic or Latino: - Two or more races:,Estimate; Not Hispanic or Latino: - Two or more races: - Two races including Some other race,Margin of Error; Not Hispanic or Latino: - Two or more races: - Two races including Some other race,"Estimate; Not Hispanic or Latino: - Two or more races: - Two races excluding Some other race, and three or more races","Margin of Error; Not Hispanic or Latino: - Two or more races: - Two races excluding Some other race, and three or more races",Estimate; Hispanic or Latino:,Margin of Error; Hispanic or Latino:,Estimate; Hispanic or Latino: - White alone,Margin of Error; Hispanic or Latino: - White alone,Estimate; Hispanic or Latino: - Black or African American alone,Margin of Error; Hispanic or Latino: - Black or African American alone,Estimate; Hispanic or Latino: - American Indian and Alaska Native alone,Margin of Error; Hispanic or Latino: - American Indian and Alaska Native alone,Estimate; Hispanic or Latino: - Asian alone,Margin of Error; Hispanic or Latino: - Asian alone,Estimate; Hispanic or Latino: - Native Hawaiian and Other Pacific Islander alone,Margin of Error; Hispanic or Latino: - Native Hawaiian and Other Pacific Islander alone,Estimate; Hispanic or Latino: - Some other race alone,Margin of Error; Hispanic or Latino: - Some other race alone,Estimate; Hispanic or Latino: - Two or more races:,Margin of Error; Hispanic or Latino: - Two or more races:,Estimate; Hispanic or Latino: - Two or more races: - Two races including Some other race,Margin of Error; Hispanic or Latino: - Two or more races: - Two races including Some other race,"Estimate; Hispanic or Latino: - Two or more races: - Two races excluding Some other race, and three or more races","Margin of Error; Hispanic or Latino: - Two or more races: - Two races excluding Some other race, and three or more races"
0400000US01,01,Alabama,4830620,,4637128,582,3204989,779,1270064,2448,22201,856,58969,1342,1579,292,5592,989,73734,2165,2605,608,71129,2085,193492,582,120475,2565,6480,865,1649,534,630,252,860,674,55486,2744,7912,952,4427,655,3485,661
0400000US02,02,Alaska,733375,,685567,109,457470,298,23755,754,98450,1545,42360,924,8550,387,979,326,54003,1973,492,271,53511,1965,47808,108,26780,1141,1267,367,2863,619,561,281,291,173,8294,976,7752,857,2710,471,5042,754
0400000US04,04,Arizona,6641928,,4627217,,3752853,834,264119,2194,265099,1532,194757,1797,11422,633,7077,816,131890,2706,4917,668,126973,2631,2014711,,1457482,10225,17457,1509,29622,1790,5333,1018,1049,348,423813,9190,79955,3156,42571,2532,37384,2154
0400000US05,05,Arkansas,2958208,,2754982,172,2177308,652,456716,1306,16428,977,39962,997,6727,510,2731,765,55110,1785,1111,408,53999,1823,203226,172,130541,3119,3032,565,1981,569,374,170,118,91,59753,2874,7427,859,4446,601,2981,579
0400000US06,06,California,38421464,,23670778,,14879258,2834,2160795,6110,142191,2512,5192548,8874,139009,1713,84477,3573,1072500,11983,53600,2949,1018900,11275,14750686,,8867755,28761,104592,3912,144837,5078,69430,3141,11361,1155,4890314,34474,662397,12724,342899,8562,319498,6874
0400000US08,08,Colorado,5278906,,4166320,294,3646224,1198,203276,2038,28448,1182,150165,2305,6886,583,9354,1226,121967,3184,3248,511,118719,3145,1112586,293,799871,6201,10511,1069,21560,1820,3302,615,809,342,215020,5292,61513,3473,32538,2286,28975,2134
0400000US09,09,Connecticut,3593222,,3066714,,2487119,1188,346206,2085,4856,509,149368,1087,746,118,10560,1197,67859,2259,5068,700,62791,2222,526508,,291243,5090,24295,1943,4052,658,1302,442,235,133,171321,4543,34060,1961,19063,1511,14997,1324
0400000US10,10,Delaware,926454,,845748,,591922,410,195058,1158,2542,308,33354,591,146,82,2177,564,20549,1364,744,293,19805,1373,80706,,50701,1869,5423,875,598,295,289,153,160,127,18818,1719,4717,682,1955,455,2762,564
0400000US11,11,District of Columbia,647484,,581681,,230489,277,310678,718,1265,157,23494,463,218,101,1790,301,13747,872,829,261,12918,819,65803,,29836,1567,5769,1063,889,566,328,163,32,44,25369,1805,3580,566,1613,356,1967,445
0400000US12,12,Florida,19645772,,14985039,157,11013749,2643,3035646,5751,40591,1416,499958,3302,9630,709,51146,3113,334319,6488,22354,1787,311965,6044,4660733,157,3920953,11048,135462,5251,13978,1484,9127,1054,1394,379,442056,10138,137763,5419,65449,3720,72314,3697
0400000US13,13,Georgia,10006693,,9091573,643,5460401,1602,3054350,4076,18344,1106,358295,2316,4081,418,23031,1967,173071,4853,8081,967,164990,4758,915120,643,565290,7496,42407,2695,7543,1432,2153,538,623,239,256372,7156,40732,2396,23027,1568,17705,1870
0400000US15,15,Hawaii,1406299,,1267048,,321832,231,26681,774,2117,300,517289,3667,127479,2055,1571,432,270079,4361,2095,442,267984,4432,139251,,35332,1757,2007,450,895,206,13262,1648,11422,1329,13293,1406,63040,1976,8237,1079,54803,2029
0400000US16,16,Idaho,1616547,,1425233,110,1342562,453,9346,654,17233,953,20603,845,1748,286,1199,426,32542,1443,611,188,31931,1405,191314,110,140352,3052,554,213,3271,641,1108,532,173,147,37172,2578,8684,1163,4324,746,4360,784
0400000US17,17,Illinois,12873761,,10750920,425,8041878,1771,1818938,3662,14228,783,641068,2430,2567,368,17388,1644,214853,4483,10962,960,203891,4365,2122841,425,1270893,10357,27170,1765,14135,1625,4574,565,840,233,730545,11395,74684,3409,47216,2323,27468,2002
0400000US18,18,Indiana,6568645,,6147439,151,5288121,1149,594251,3056,11827,709,120961,1439,1774,305,8829,1383,121676,3477,3906,660,117770,3445,421206,151,241080,4706,8763,1030,2966,615,768,212,511,302,143193,5224,23925,1787,15237,1434,8688,1133
0400000US19,19,Iowa,3093526,,2925296,123,2703612,476,95692,1469,8232,567,62554,953,1784,268,2399,498,51023,1834,918,202,50105,1816,168230,124,116434,2268,2096,465,1745,388,443,128,98,51,37473,2305,9941,1151,5086,716,4855,828
0400000US20,20,Kansas,2892987,,2569769,80,2228789,395,164058,1812,20209,862,75045,858,1627,210,1928,431,78113,2329,1271,291,76842,2259,323218,81,235777,3178,4344,708,3813,564,608,275,169,103,61255,2527,17252,1214,8821,833,8431,958
0400000US21,21,Kentucky,4397353,,4253872,449,3762154,913,342305,2125,7399,590,55118,794,2074,318,4613,842,80209,2371,1654,412,78555,2333,143481,449,89437,2322,4729,762,1664,481,365,156,123,93,36536,2069,10627,1208,5812,780,4815,898
0400000US22,22,Louisiana,4625253,,4406990,395,2751183,818,1474359,2709,24437,863,77268,980,1757,479,8011,991,69975,2617,2464,433,67511,2585,218263,395,151355,2756,10004,1162,2801,611,550,165,67,43,39584,2329,13902,1476,6817,932,7085,1046
0400000US23,23,Maine,1329100,,1309653,,1247808,302,14473,557,7523,382,14398,547,167,65,705,275,24579,811,389,157,24190,806,19447,,14218,505,564,164,288,117,192,147,20,20,2446,428,1719,361,495,140,1224,313
0400000US24,24,Maryland,5930538,,5396867,,3144084,1117,1723335,2948,11735,589,355373,1739,2382,195,14715,1376,145243,3827,5660,737,139583,3739,533671,,272023,5224,27581,2111,3844,684,2243,453,372,147,197199,5178,30409,2235,14754,1472,15655,1613
0400000US25,25,Massachusetts,6705586,,5997658,480,4982325,2412,434326,3315,7947,619,398722,2122,1275,318,42513,2854,130550,3532,14915,1144,115635,3448,707928,480,352534,5341,44621,2346,5242,783,1953,421,369,125,239082,5070,64127,3172,18263,1578,45864,2722
0400000US26,26,Michigan,9900571,,9433550,71,7513622,1156,1366632,2562,47055,1167,267671,1871,1823,272,12083,1296,224664,3253,6780,559,217884,3326,467021,69,310253,3412,14756,1499,6896,800,1095,239,260,104,97101,3449,36660,1731,18171,1130,18489,1274
0400000US27,27,Minnesota,5419171,,5148187,73,4427809,872,293837,2247,51782,1043,239529,1422,1644,229,6405,817,127181,2744,3291,566,123890,2742,270984,69,166558,3691,5339,675,4779,694,1257,316,326,190,75680,3539,17045,1267,7723,749,9322,880
0400000US28,28,Mississippi,2988081,,2901574,799,1714674,336,1112505,1755,11999,653,28755,771,388,139,2436,455,30817,1562,846,266,29971,1549,86507,800,53500,1795,3952,578,897,301,145,114,21,27,23475,1724,4517,693,2618,518,1899,463
0400000US29,29,Missouri,6045448,,5812402,397,4849886,1111,691629,2653,22437,1002,105394,1529,5853,486,7717,1100,129486,3228,2883,490,126603,3224,233046,397,145641,2937,5393,806,2514,506,1143,328,308,145,59888,2425,18159,1407,10216,1069,7943,933
0400000US30,30,Montana,1014699,,981077,171,882585,155,4515,385,63479,987,6902,465,804,253,296,112,22496,1210,168,77,22328,1206,33622,171,22392,839,242,151,2214,398,285,130,44,47,5164,797,3281,505,1176,299,2105,454
0400000US31,31,Nebraska,1869365,,1683097,80,1509631,408,85748,960,13183,521,37724,602,1140,253,1705,462,33966,1201,683,209,33283,1223,186268,78,137920,2238,2447,592,3136,560,342,167,140,79,34654,2082,7629,899,4119,638,3510,540
0400000US32,32,Nevada,2798636,,2028083,,1455277,675,225782,2037,24538,719,211271,1632,17078,581,4376,707,89761,2945,2422,402,87339,2959,770553,,474384,6555,9939,1130,6855,1045,3575,703,864,254,241762,6931,33174,2418,17204,1527,15970,1478
0400000US33,33,New Hampshire,1324201,,1282060,,1210369,554,15485,730,1912,330,31130,674,228,99,1642,464,21294,956,800,225,20494,921,42141,,30944,1067,1954,665,326,145,234,116,0,26,5631,814,3052,539,1443,392,1609,419
0400000US34,34,New Jersey,8904413,,7216405,,5093430,1856,1132611,2730,9653,686,799589,2427,2081,374,39042,2522,139999,3427,13767,1230,126232,3363,1688008,,990510,6924,69689,3118,8682,1161,5400,888,727,310,529173,8177,83827,3248,38905,2172,44922,2450
0400000US35,35,New Mexico,2084117,,1097145,,817048,880,38081,875,177257,1634,27225,871,883,191,3811,618,32840,1786,1561,380,31279,1783,986972,,707863,6490,5657,987,13271,1387,1536,478,393,206,223039,5928,35213,2289,22436,1854,12777,1129
0400000US36,36,New York,19673174,,16053516,,11170518,2241,2831813,4764,46324,1313,1558536,3727,4756,530,101300,3689,340269,5948,37363,2245,302906,5849,3619658,,1534119,15610,238579,6471,28469,2536,11687,1120,1729,469,1584465,17968,220610,6657,115715,4166,104895,4583
0400000US37,37,North Carolina,9845333,,8975425,192,6324373,1757,2084249,3949,108254,1442,242150,2000,5254,709,20147,1870,190998,4305,6102,740,184896,4286,869908,192,515458,7600,31089,2442,7889,1130,1926,380,990,363,272163,7082,40393,2637,22107,1915,18286,1761
0400000US38,38,North Dakota,721640,,701071,124,628158,137,11549,651,37508,676,8819,370,277,90,333,136,14427,996,165,71,14262,984,20569,124,12050,779,323,172,778,263,160,102,27,32,5526,709,1705,455,787,259,918,365
0400000US39,39,Ohio,11575977,,11185007,68,9291303,1133,1393528,3648,17079,963,214337,1934,2619,394,14124,1284,252017,4503,6195,740,245822,4368,390970,68,247025,3359,18517,1573,4567,709,1833,375,441,169,83392,3199,35195,1689,17094,1264,18101,1181
0400000US40,40,Oklahoma,3849733,,3478274,,2591292,601,274214,2019,267448,2387,73346,1044,4482,318,3107,563,264385,3357,2137,477,262248,3218,371459,,222502,3198,4357,546,11828,912,1224,579,219,97,95778,2599,35551,1561,12950,953,22601,1551
0400000US41,41,Oregon,3939233,,3453587,,3043010,1114,69105,1509,36347,1322,154496,1936,14334,620,5528,1065,130767,3010,2907,524,127860,2926,485646,,309931,5599,3732,710,9911,1365,2199,389,708,336,127139,5382,32026,2167,14147,1559,17879,1363
0400000US42,42,Pennsylvania,12779559,,11964021,259,9979754,1368,1347000,3896,14554,727,389671,2192,2227,423,19502,2224,211313,4479,8581,904,202732,4366,815538,259,450388,6591,56143,2688,9087,1259,2924,574,2052,805,233568,5829,61376,2570,27193,1833,34183,2122
0400000US44,44,Rhode Island,1053661,,909873,,785245,872,56294,1201,3899,368,33619,693,350,175,7362,968,23104,1457,3267,630,19837,1252,143788,,69614,2513,11949,1452,1207,448,594,208,23,21,53723,2903,6678,840,3398,598,3280,633
0400000US45,45,South Carolina,4777576,,4523484,129,3051116,718,1304459,2584,13838,896,66426,860,2468,550,5038,846,80139,2880,1887,438,78252,2925,254092,129,159592,3758,10599,1044,1128,286,556,191,120,74,68286,3712,13811,1484,8328,1094,5483,862
0400000US46,46,South Dakota,843190,,815276,331,701699,450,12792,635,69951,1032,10127,452,316,121,677,342,19714,1051,351,138,19363,1029,27914,331,14992,1067,341,152,2668,483,25,22,16,18,7263,877,2609,389,955,280,1654,277
0400000US47,47,Tennessee,6499615,,6179525,200,4856869,989,1083640,2637,14295,758,101353,1472,2962,524,7245,1139,113161,2851,2961,470,110200,2769,320090,200,203025,4287,7430,959,3507,1067,674,209,361,198,89494,3898,15599,1598,9150,1157,6449,1184
0400000US48,48,Texas,26538614,,16342247,434,11635757,2285,3070821,5113,65378,2153,1110772,3801,18751,1020,33723,2811,407045,6446,20994,1760,386051,6123,10196367,434,8238853,19610,82096,4022,61115,3571,13239,1241,2904,674,1552143,16924,246017,7363,128603,5419,117414,4575
0400000US49,49,Utah,2903379,,2513523,,2308090,853,29450,900,27538,901,63106,1397,25540,856,4434,955,55365,1920,1454,342,53911,1883,389856,,236645,5051,2459,554,4286,815,996,340,607,221,125473,4936,19390,1668,11508,1238,7882,978
0400000US50,50,Vermont,626604,,615913,,586547,181,6722,371,1853,210,8690,310,193,74,656,195,11252,555,235,96,11017,528,10691,,7896,374,227,71,165,91,84,69,56,52,1346,277,917,208,293,98,624,183
0400000US51,51,Virginia,8256630,,7547474,429,5237848,1272,1560316,3660,17015,815,489610,2611,4967,420,18053,1401,219665,4748,7031,891,212634,4774,709156,428,457299,5885,29029,2010,5555,1025,3363,474,337,130,165071,5168,48502,2401,22801,1699,25701,1906
0400000US53,53,Washington,6985464,,6149976,,4943228,1236,243786,2715,80838,1823,530928,3340,42532,930,9467,1227,299197,4986,5365,837,293832,4886,835488,,490949,6801,9438,1222,12428,1249,4573,701,1627,379,254965,6658,61508,3077,29604,1981,31904,2067
0400000US54,54,West Virginia,1851420,,1826012,480,1713434,1018,60398,1263,2726,369,13273,477,475,204,1370,376,34336,1191,694,216,33642,1186,25408,480,18801,828,969,350,227,127,212,142,150,143,3196,593,1853,371,818,260,1035,244
0400000US55,55,Wisconsin,5742117,,5377559,,4729911,690,354364,1839,46165,1062,142833,1227,1081,196,3922,704,99283,2357,2339,480,96944,2284,364558,,237213,3245,6428,828,4284,541,899,224,152,89,92135,3296,23447,1749,12500,1221,10947,1126
0400000US56,56,Wyoming,579679,,523981,108,489665,167,5974,577,11006,425,5163,382,397,249,143,111,11633,755,200,144,11433,752,55698,108,38098,1408,168,95,1652,441,156,95,26,29,11742,1236,3856,598,1720,367,2136,444
0400000US72,72,Puerto Rico,3583073,,35785,1842,24900,1406,2807,424,76,50,2328,587,55,46,1660,436,3959,615,107,69,3852,602,3547288,1842,2471097,10106,298712,5963,11699,1291,7831,936,74,65,429783,6397,328092,6647,19162,1428,308930,6589
