State,City,,Population1,"Violent
crime",Murder,"Rape
(revised
definition)2","Rape
(legacy
definition)3",Robbery,"Aggravated
assault","Property
crime",Burglary,"Larceny-
theft","Motor
vehicle
theft",Arson4,,,
ALABAMA,BIRMINGHAM,2014,"212,115","1,619",23,83,,454,"1,059","6,596","1,716","4,169",711,76,,,
,,2015,,"1,756",30,77,,507,"1,142","6,246","1,446","4,120",680,,,,
,HUNTSVILLE,2014,"187,624",770,12,50,,188,520,"4,376",908,"3,111",357,12,,,
,,2015,,723,5,65,,173,480,"4,121",836,"2,903",382,,,,
,MOBILE5,2014,"250,655",747,17,67,,203,460,"5,747","1,461","4,039",247,54,,,
,,2015,,755,9,69,,186,491,"5,210","1,032","3,886",292,,,,
,MONTGOMERY,2014,"200,194",504,14,21,,218,251,"4,142","1,153","2,689",300,,,,
,,2015,,519,20,14,,191,294,"4,029","1,236","2,442",351,,,,
ALASKA,ANCHORAGE,2014,"301,306","1,209",6,193,,247,763,"5,515",629,"4,474",412,33,,,
,,2015,,"1,615",16,323,,271,"1,005","5,732",811,"4,516",405,63,,,
ARIZONA,CHANDLER,2014,"252,369",228,1,24,,55,148,"2,941",518,"2,315",108,49,,,
,,2015,,206,0,26,,51,129,"2,524",384,"2,033",107,26,,, 
,GILBERT,2014,"235,430",113,0,9,,31,73,"1,670",239,"1,368",63,10,,,
,,2015,,92,0,13,,14,65,"1,588",241,"1,283",64,12,,,
,GLENDALE,2014,"236,780",431,8,59,,170,194,"6,055",969,"4,584",502,23,,,
,,2015,,436,5,49,,161,221,"6,290","1,066","4,701",523,26,,,
,PEORIA,2014,"164,722",120,1,17,,27,75,"1,752",294,"1,365",93,3,,,
,,2015,,146,1,16,,25,104,"1,676",367,"1,207",102,5,,,
,PHOENIX,2014,"1,529,852","4,234",50,486,,"1,407","2,291","28,145","6,928","17,672","3,545",173,,,
,,2015,,"4,513",52,509,,"1,502","2,450","27,356","6,645","17,089","3,622",,,,
,SCOTTSDALE,2014,"229,325",173,0,38,,39,96,"2,629",449,"2,076",104,5,,,
,,2015,,189,3,48,,53,85,"2,580",398,"2,091",91,4,,,
,SURPRISE,2014,"125,049",69,3,4,,19,43,998,167,758,73,9,,,
,,2015,,85,1,6,,20,58,"1,088",231,807,50,10,,,
,TEMPE,2014,"169,812",429,1,48,,93,287,"3,878",596,"3,061",221,24,,,
,,2015,,348,2,47,,83,216,"3,731",531,"3,043",157,30,,,
,TUCSON6,2014,"527,328",,,,,,,,,,,,,,
,,2015,,"1,706",16,213,,516,961,"16,680","1,784","13,919",977,58,,,
CALIFORNIA,ANAHEIM7,2014,"346,956",537,5,,37,203,292,"4,206",619,"2,915",672,9,,,
,,2015,,628,10,65,,211,342,"5,018",724,"3,472",822,,,,
,ANTIOCH,2014,"108,223",419,3,,30,148,238,"2,131",701,921,509,23,,,
,,2015,,387,2,31,,135,219,"1,931",496,895,540,18,,,
,BAKERSFIELD,2014,"367,406",861,7,,8,334,512,"7,609","2,147","4,354","1,108",203,,,
,,2015,,879,12,38,,324,505,"7,748","1,885","4,661","1,202",204,,,
,BERKELEY,2014,"117,753",179,1,20,,108,50,"2,391",410,"1,680",301,5,,,
,,2015,,269,0,20,,165,84,"2,909",587,"1,971",351,9,,,
,BURBANK,2014,"105,041",70,1,,4,27,38,"1,264",161,"1,011",92,9,,,
,,2015,,69,0,5,,25,39,"1,282",143,"1,047",92,4,,,
,CARLSBAD,2014,"112,297",101,1,,8,22,70,894,188,655,51,2,,,
,,2015,,88,0,15,,18,55,"1,028",188,782,58,5,,,
,CHULA VISTA,2014,"259,894",292,3,,20,107,162,"2,350",313,"1,605",432,21,,,
,,2015,,318,2,30,,121,165,"2,210",305,"1,511",394,,,,
,CONCORD,2014,"126,744",217,1,12,,78,126,"2,466",417,"1,597",452,2,,,
,,2015,,241,0,15,,91,135,"2,367",338,"1,512",517,4,,,
,CORONA,2014,"161,128",90,0,,13,34,43,"1,732",270,"1,209",253,10,,,
,,2015,,93,0,9,,42,42,"1,794",275,"1,310",209,5,,,
,COSTA MESA7,2014,"112,709",127,0,,15,38,74,"1,675",273,"1,235",167,12,,,
,,2015,,187,1,25,,67,94,"2,345",336,"1,777",232,8,,,
,DALY CITY,2014,"105,628",100,2,12,,39,47,817,163,519,135,6,,,
,,2015,,132,0,8,,49,75,965,180,646,139,2,,,
,DOWNEY7,2014,"113,595",146,2,,9,62,73,"1,444",240,835,369,9,,,
,,2015,,150,2,11,,84,53,"1,356",210,784,362,5,,,
,EL CAJON,2014,"102,838",188,2,,11,83,92,"1,177",203,806,168,4,,,
,,2015,,158,0,25,,42,91,"1,118",179,766,173,8,,,
,ELK GROVE,2014,"162,957",315,0,16,,56,243,"1,427",291,"1,051",85,3,,,
,,2015,,296,1,19,,51,225,"1,539",318,"1,109",112,3,,,
,EL MONTE7,2014,"116,220",174,1,,7,81,85,"1,063",231,566,266,1,,,
,,2015,,195,2,13,,65,115,"1,057",224,525,308,12,,,
,ESCONDIDO,2014,"149,839",245,0,,11,69,165,"1,628",260,"1,063",305,10,,,
,,2015,,270,5,30,,89,146,"1,636",218,"1,103",315,7,,,
,FAIRFIELD,2014,"110,300",276,4,,20,104,148,"1,854",313,"1,217",324,7,,,
,,2015,,247,2,17,,80,148,"1,739",247,"1,246",246,11,,,
,FONTANA,2014,"204,532",366,2,,8,100,256,"1,823",321,"1,075",427,4,,,
,,2015,,384,2,19,,100,263,"2,157",375,"1,271",511,3,,,
,FREMONT,2014,"227,575",115,1,,7,51,56,"2,093",401,"1,389",303,9,,,
,,2015,,144,1,19,,70,54,"2,172",438,"1,390",344,9,,,
,FULLERTON7,2014,"139,895",163,0,,14,57,92,"1,638",276,"1,194",168,16,,,
,,2015,,193,0,30,,50,113,"1,924",222,"1,485",217,,,,
,GARDEN GROVE7,2014,"176,106",211,3,,7,64,137,"1,540",312,979,249,16,,,
,,2015,,267,1,23,,81,162,"2,198",380,"1,491",327,10,,,
,GLENDALE7,2014,"197,079",86,0,,4,31,51,"1,571",257,"1,173",141,11,,,
,,2015,,95,3,8,,37,47,"1,693",262,"1,259",172,5,,,
,HAYWARD,2014,"153,319",289,5,20,,152,112,"2,372",474,"1,237",661,22,,,
,,2015,,294,3,33,,164,94,"2,338",385,"1,259",694,17,,,
,HUNTINGTON BEACH,2014,"199,152",191,1,27,,50,113,"2,120",298,"1,675",147,7,,,
,,2015,,178,0,21,,52,105,"2,388",360,"1,838",190,14,,,
,INGLEWOOD7,2014,"111,997",357,14,,14,162,167,"1,356",279,731,346,12,,,
,,2015,,347,2,17,,160,168,"1,282",260,679,343,4,,,
,IRVINE7,2014,"242,971",54,0,,9,17,28,"1,495",266,"1,167",62,4,,,
,,2015,,56,1,11,,20,24,"1,949",251,"1,598",100,3,,,
,LANCASTER,2014,"160,190",459,3,,26,109,321,"1,659",503,966,190,22,,,
,,2015,,481,6,42,,146,287,"1,707",526,979,202,27,,,
,LONG BEACH,2014,"471,123","1,096",14,,60,429,593,"6,123","1,785","3,203","1,135",44,,,
,,2015,,"1,312",13,94,,465,740,"6,813","1,470","4,089","1,254",28,,,
,LOS ANGELES,2014,"3,906,772","8,700",132,522,,"3,619","4,427","39,703","6,875","26,431","6,397",675,,,
,,2015,,"10,814",128,665,,"4,274","5,747","45,362","8,190","29,648","7,524",638,,,
,MODESTO,2014,"205,820",869,7,,31,204,627,"4,663","1,009","3,066",588,29,,,
,,2015,,983,9,50,,235,689,"4,857",722,"3,294",841,28,,,
,MORENO VALLEY,2014,"202,911",248,1,,9,116,122,"3,124",863,"1,789",472,7,,,
,,2015,,282,2,16,,125,139,"3,105",612,"2,025",468,5,,,
,MURRIETA,2014,"108,376",21,0,,2,7,12,735,140,488,107,6,,,
, ,2015,,42,0,7,,17,18,981,157,672,152,5,,,
,NORWALK,2014,"106,838",171,5,,8,64,94,996,195,588,213,7,,,
,,2015,,194,2,12,,69,111,942,169,553,220,1,,,
,OCEANSIDE,2014,"174,102",338,2,,28,84,224,"1,924",305,"1,417",202,19,,,
,,2015,,313,6,33,,102,172,"2,156",264,"1,666",226,9,,,
,ONTARIO,2014,"168,278",231,4,,9,88,130,"2,207",399,"1,412",396,12,,,
,,2015,,263,2,14,,100,147,"2,542",442,"1,595",505,19,,,
,ORANGE7,2014,"140,767",77,0,,2,31,44,"1,116",202,790,124,18,,,
,,2015,,96,2,6,,31,57,"1,502",287,"1,042",173,4,,,
,OXNARD,2014,"204,159",447,5,27,,233,182,"2,968",584,"2,041",343,21,,,
,,2015,,446,6,12,,193,235,"3,312",490,"2,430",392,12,,,
,PALMDALE,2014,"158,210",409,5,,14,120,270,"1,525",385,"1,010",130,12,,,
,,2015,,406,4,24,,121,257,"1,590",424,920,246,14,,,
,PASADENA7,2014,"140,373",174,3,,11,53,107,"1,767",364,"1,282",121,14,,,
,,2015,,204,1,28,,66,109,"1,951",409,"1,372",170,30,,,
,POMONA7,2014,"151,899",400,8,,24,123,245,"2,199",299,"1,395",505,6,,,
,,2015,,400,7,35,,147,211,"2,321",323,"1,314",684,27,,,
,RANCHO CUCAMONGA,2014,"172,694",130,3,6,,44,77,"1,866",663,975,228,11,,,
,,2015,,97,1,14,,36,46,"1,906",608,"1,129",169,4,,,
,RIALTO,2014,"102,540",162,0,,11,58,93,"1,149",331,452,366,8,,,
,,2015,,207,1,19,,73,114,"1,020",310,410,300,8,,,
,RIVERSIDE,2014,"319,453",658,9,,69,221,359,"4,657",768,"3,163",726,48,,,
,,2015,,679,3,63,,253,360,"4,949",781,"3,416",752,,,,
,ROSEVILLE,2014,"128,997",101,1,9,,27,64,"1,509",204,"1,191",114,8,,,
,,2015,,123,0,15,,32,76,"1,621",242,"1,240",139,5,,,
,SACRAMENTO,2014,"482,767","1,460",18,,31,464,947,"7,642","1,594","4,908","1,140",75,,,
,,2015,,"1,830",25,50,,572,"1,183","8,056","1,798","4,858","1,400",,,,
,SALINAS,2014,"156,908",471,7,,13,205,246,"2,743",702,"1,328",713,20,,,
,,2015,,589,12,40,,224,313,"2,361",456,"1,033",872,12,,,
,SAN BERNARDINO,2014,"214,588","1,058",26,,47,400,585,"4,559","1,133","2,186","1,240",67,,,
,,2015,,"1,223",16,50,,419,738,"5,050","1,562","2,174","1,314",28,,,
,SAN DIEGO,2014,"1,368,690","2,591",19,,183,635,"1,754","13,759","2,647","8,515","2,597",110,,,
,,2015,,"2,845",17,253,,659,"1,916","13,776","2,435","8,898","2,443",,,,
,SAN FRANCISCO,2014,"850,294","3,279",14,163,,"1,510","1,592","21,330","2,722","15,613","2,995",117,,,
,,2015,,"3,453",24,174,,"1,899","1,356","27,001","2,653","20,854","3,494",160,,,
,SAN JOSE,2014,"1,009,679","1,629",19,,145,561,904,"12,053","2,501","5,657","3,895",63,,,
,,2015,,"1,700",11,178,,581,930,"12,717","2,466","6,605","3,646",60,,,
,SAN MATEO,2014,"102,082",107,0,,10,43,54,994,158,744,92,4,,,
,,2015,,118,0,5,,27,86,977,355,540,82,3,,,
,SANTA ANA7,2014,"336,462",619,10,,50,219,340,"2,793",413,"1,783",597,8,,,
,,2015,,773,6,69,,259,439,"3,618",392,"2,287",939,18,,,
,SANTA CLARA,2014,"121,114",77,0,,22,39,16,"1,653",289,"1,152",212,6,,,
,,2015,,79,0,6,,40,33,"1,848",280,"1,344",224,6,,,
,SANTA MARIA,2014,"102,885",225,0,,18,78,129,"1,642",337,824,481,8,,,
,,2015,,214,4,26,,67,117,"1,466",328,804,334,4,,,
,SANTA ROSA7,2014,"172,991",302,0,,31,60,211,"2,107",335,"1,560",212,35,,,
,,2015,,312,2,40,,65,205,"2,313",324,"1,739",250,20,,,
,SIMI VALLEY7,2014,"126,604",50,0,,9,10,31,778,134,598,46,2,,,
,,2015,,83,1,12,,20,50,801,132,613,56,5,,,
,STOCKTON,2014,"299,519","1,972",21,,61,532,"1,358","6,725","1,638","4,150",937,37,,,
,,2015,,"2,019",18,65,,570,"1,366","6,399","1,450","3,999",950,47,,,
,SUNNYVALE,2014,"149,384",78,0,9,,36,33,"1,143",250,749,144,12,,,
,,2015,,78,0,17,,34,27,"1,231",302,778,151,7,,,
,TEMECULA,2014,"108,308",44,1,,4,26,13,"1,318",380,830,108,5,,,
,,2015,,51,0,5,,20,26,"1,503",266,"1,077",160,1,,,
,THOUSAND OAKS,2014,"129,175",69,0,13,,11,45,794,162,582,50,3,,,
,,2015,,65,0,18,,12,35,830,131,638,61,4,,,
,TORRANCE7,2014,"147,971",64,1,,6,21,36,"1,218",282,813,123,2,,,
,,2015,,104,1,20,,36,47,"1,418",272,980,166,1,,,
,VALLEJO,2014,"119,504",518,5,,25,204,284,"2,380","1,063",774,543,22,,,
,,2015,,502,8,55,,154,285,"2,449","1,084",852,513,17,,,
,VENTURA,2014,"109,246",121,1,,12,45,63,"1,901",325,"1,484",92,2,,,
,,2015,,196,1,32,,53,110,"1,945",327,"1,493",125,8,,,
,VICTORVILLE,2014,"122,316",307,3,,18,92,194,"2,100",891,931,278,8,,,
,,2015,,372,4,26,,96,246,"1,891",617,991,283,23,,,
,VISALIA,2014,"128,488",233,5,,17,74,137,"1,971",362,"1,325",284,2,,,
,,2015,,285,3,34,,75,173,"1,962",419,"1,303",240,10,,,
,WEST COVINA,2014,"108,136",106,0,,2,31,73,"1,390",233,955,202,2,,,
,,2015,,121,1,6,,39,75,"1,460",182,"1,049",229,2,,,
COLORADO,AURORA,2014,"350,948",698,5,129,,191,373,"4,832",905,"3,430",497,41,,,
,,2015,,734,3,171,,197,363,"4,961",781,"3,589",591,34,,,
,BOULDER,2014,"104,284",122,1,22,,13,86,"1,360",225,"1,056",79,14,,,
,,2015,,106,1,25,,12,68,"1,376",237,"1,074",65,8,,,
,COLORADO SPRINGS,2014,"444,949",982,11,196,,207,568,"7,696","1,252","5,686",758,55,,,
,,2015,,991,10,191,,191,599,"7,546","1,108","5,737",701,65,,,
,FORT COLLINS,2014,"154,015",135,0,20,,9,106,"1,690",194,"1,424",72,9,,,
,,2015,,139,1,10,,15,113,"1,532",182,"1,264",86,6,,,
,LAKEWOOD,2014,"148,236",334,3,57,,70,204,"3,298",493,"2,495",310,7,,,
,,2015,,413,3,64,,94,252,"3,489",412,"2,714",363,6,,,
,PUEBLO,2014,"108,591",415,4,60,,88,263,"3,651",914,"2,375",362,20,,,
,,2015,,452,6,86,,80,280,"3,360","1,028","1,974",358,19,,,
,THORNTON8,2014,"129,442",171,5,38,,23,105,"1,804",212,"1,400",192,10,,,
,,2015,,103,2,22,,11,68,,,"1,391",316,11,,,
,WESTMINSTER,2014,"112,100",130,2,18,,28,82,"1,590",154,"1,286",150,5,,,
,,2015,,132,3,28,,20,81,"1,721",177,"1,319",225,6,,,
CONNECTICUT,BRIDGEPORT,2014,"147,822",617,2,32,,248,335,"1,908",485,"1,114",309,15,,,
,,2015,,488,8,39,,214,227,"1,506",385,882,239,6,,,
,HARTFORD,2014,"124,943",671,7,22,,229,413,"2,587",376,"1,823",388,19,,,
,,2015,,697,14,15,,253,415,"2,549",414,"1,749",386,27,,,
,STAMFORD,2014,"127,385",147,1,12,,68,66,955,114,742,99,7,,,
,,2015,,124,2,6,,39,77,777,96,606,75,0,,,
,WATERBURY,2014,"109,495",165,3,14,,83,65,"1,973",172,"1,514",287,5,,,
,,2015,,206,1,13,,119,73,"2,093",203,"1,464",426,2,,,
FLORIDA,CAPE CORAL,2014,"168,712",116,2,5,,18,91,"1,630",320,"1,226",84,1,,,
,,2015,,114,0,6,,22,86,"1,552",288,"1,197",67,2,,,
,CLEARWATER,2014,"110,075",305,3,26,,86,190,"2,169",389,"1,668",112,5,,,
,,2015,,302,6,36,,92,168,"2,188",306,"1,738",144,7,,,
,CORAL SPRINGS,2014,"127,939",95,0,10,,23,62,"1,292",188,"1,046",58,2,,,
,,2015,,105,0,17,,34,54,"1,111",157,884,70,1,,,
,FORT LAUDERDALE,2014,"174,056",656,9,39,,289,319,"4,612",972,"3,311",329,17,,,
,,2015,,692,4,68,,200,420,"4,532",877,"3,266",389,13,,,
,GAINESVILLE,2014,"128,185",435,2,60,,70,303,"2,203",312,"1,750",141,11,,,
,,2015,,416,2,43,,91,280,"2,108",265,"1,719",124,5,,,
,HIALEAH,2014,"235,446",367,3,21,,129,214,"3,186",348,"2,481",357,6,,,
,,2015,,407,2,14,,142,249,"2,769",340,"2,088",341,14,,,
,HOLLYWOOD,2014,"147,918",408,6,37,,125,240,"3,142",698,"2,236",208,2,,,
,,2015,,353,6,34,,131,182,"2,756",537,"1,958",261,1,,,
,JACKSONVILLE,2014,"856,021","2,897",51,236,,701,"1,909","16,301","3,363","11,952",986,46,,,
,,2015,,"2,764",46,226,,620,"1,872","16,090","3,172","11,840","1,078",41,,,
,LAKELAND,2014,"101,428",285,4,44,,84,153,"2,598",474,"1,993",131,0,,,
,,2015,,246,3,37,,59,147,"2,368",371,"1,846",151,3,,,
,MIAMI,2014,"421,996","2,080",43,35,,768,"1,234","10,028","1,768","7,083","1,177",36,,,
,,2015,,"2,226",42,33,,829,"1,322","9,604","1,568","6,885","1,151",44,,,
,MIAMI GARDENS,2014,"112,373",369,8,9,,104,248,"2,227",540,"1,455",232,8,,,
,,2015,,351,12,8,,112,219,"2,001",390,"1,433",178,12,,,
,MIRAMAR,2014,"132,352",214,4,19,,58,133,"1,341",390,861,90,4,,,
,,2015,,225,3,21,,65,136,"1,357",194,"1,051",112,6,,,
,ORLANDO,2014,"259,675","1,136",12,80,,279,765,"8,311","1,801","6,044",466,25,,,
,,2015,,"1,277",9,94,,270,904,"7,874","1,588","5,753",533,25,,,
,PALM BAY,2014,"105,287",281,0,23,,24,234,"1,054",230,754,70,3,,,
,,2015,,251,5,27,,31,188,949,222,667,60,7,,,
,PEMBROKE PINES,2014,"164,372",132,2,8,,54,68,"1,887",306,"1,491",90,1,,,
,,2015,,166,0,11,,39,116,"1,831",291,"1,428",112,5,,,
,POMPANO BEACH,2014,"105,523",399,2,28,,129,240,"2,243",488,"1,610",145,6,,,
,,2015,,484,2,39,,121,322,"2,176",356,"1,616",204,7,,,
,PORT ST. LUCIE,2014,"172,453",130,4,8,,20,98,"1,204",261,905,38,5,,,
,,2015,,124,2,4,,13,105,"1,164",204,924,36,1,,,
,ST. PETERSBURG,2014,"250,772","1,088",9,83,,305,691,"6,830","1,358","4,832",640,23,,,
,,2015,,979,5,67,,266,641,"7,156","1,127","5,263",766,23,,,
,TALLAHASSEE,2014,"187,573",840,5,89,,150,596,"4,264","1,054","2,919",291,4,,,
,,2015,,990,8,119,,166,697,"4,443",960,"3,110",373,3,,,
,TAMPA,2014,"357,124",962,12,26,,224,700,"4,056",823,"3,040",193,20,,,
,,2015,,"1,127",21,32,,296,778,"4,075",934,"2,863",278,35,,,
,WEST PALM BEACH,2014,"103,028",447,9,20,,152,266,"2,376",420,"1,795",161,7,,,
,,2015,,416,6,25,,123,262,"2,451",355,"1,861",235,6,,,
GEORGIA,ATHENS-CLARKE COUNTY,2014,"121,511",159,3,,21,45,90,"1,734",349,"1,296",89,14,,,
,,2015,,257,1,,25,62,169,"1,920",370,"1,446",104,16,,,
,ATLANTA,2014,"454,363","2,580",39,,74,"1,043","1,424","12,119","2,546","7,628","1,945",28,,,
,,2015,,"2,529",45,,83,905,"1,496","12,145","2,258","7,703","2,184",27,,,
,COLUMBUS,2014,"206,714",516,11,,25,225,255,"5,764","1,496","3,719",549,20,,,
,,2015,,523,5,,31,243,244,"5,427","1,297","3,595",535,20,,,
,SANDY SPRINGS,2014,"101,184",71,0,,10,46,15,"1,381",312,982,87,1,,,
,,2015,,73,2,,6,41,24,"1,237",272,886,79,1,,,
,SAVANNAH-CHATHAM METROPOLITAN,2014,"236,682",395,15,,31,190,159,"3,921",775,"2,808",338,15,,,
,,2015,,487,19,,31,209,228,"4,457",907,"3,023",527,7,,,
HAWAII,HONOLULU6,2014,"994,034",,,,,,,,,,,,,,
,,2015,,"1,158",12,147,,438,561,"13,836","2,072","10,144","1,620",126,,,
IDAHO,BOISE,2014,"216,260",332,2,65,,32,233,"2,078",349,"1,646",83,19,,,
,,2015,,293,0,55,,17,221,"2,122",272,"1,718",132,22,,,
ILLINOIS,AURORA,2014,"200,419",284,4,18,,53,209,"1,315",196,"1,074",45,8,,,
,,2015,,296,4,24,,47,221,"1,283",207,"1,021",55,4,,,
,CHICAGO,2014,"2,724,121","10,888",175,654,,"4,400","5,659","39,749","6,649","28,326","4,774",223,,,
,,2015,,"10,969",207,622,,"4,051","6,089","36,468","5,650","26,005","4,813",242,,,
,ELGIN,2014,"110,595",112,1,22,,31,58,899,144,727,28,7,,,
,,2015,,102,3,17,,19,63,742,113,600,29,2,,,
,JOLIET,2014,"147,838",219,1,5,,45,168,"1,346",271,"1,016",59,22,,,
,,2015,,197,3,18,,51,125,"1,597",329,"1,216",52,18,,,
,NAPERVILLE,2014,"145,510",52,1,5,,8,38,717,72,626,19,1,,,
,,2015,,45,0,2,,10,33,749,65,671,13,1,,,
,PEORIA,2014,"116,923",370,4,32,,112,222,"2,244",558,"1,596",90,25,,,
,,2015,,346,5,27,,124,190,"2,016",471,"1,479",66,16,,,
,ROCKFORD,2014,"149,586",927,10,69,,178,670,"2,947",759,"2,019",169,34,,,
,,2015,,"1,142",9,78,,195,860,"2,621",651,"1,767",203,32,,,
,SPRINGFIELD,2014,"117,134",551,2,42,,111,396,"2,523",479,"2,005",39,25,,,
,,2015,,558,4,47,,110,397,"2,210",378,"1,736",96,23,,,
INDIANA,EVANSVILLE,2014,"120,372",286,5,,33,108,140,"3,229",490,"2,522",217,,,,
,,2015,,347,2,,35,81,229,"2,722",471,"2,100",151,23,,,
,FORT WAYNE,2014,"257,172",376,4,44,,156,172,"3,883",781,"2,950",152,22,,,
,,2015,,457,12,42,,209,194,"3,499",628,"2,719",152,30,,,
,SOUTH BEND,2014,"100,853",302,7,49,,128,118,"2,039",502,"1,410",127,12,,,
,,2015,,325,9,32,,166,118,"2,312",523,"1,610",179,14,,,
IOWA,CEDAR RAPIDS,2014,"128,901",179,8,19,,54,98,"2,236",386,"1,727",123,6,,,
, ,2015,,170,2,16,,52,100,"2,267",412,"1,722",133,5,,,
,DES MOINES,2014,"208,250",584,3,51,,124,406,"3,879",821,"2,658",400,12,,,
,,2015,,806,8,62,,117,619,"3,995",889,"2,655",451,21,,,
KANSAS,KANSAS CITY,2014,"149,103",494,13,113,,108,260,"3,386",793,"2,134",459,21,,,
,,2015,,558,12,144,,136,266,"3,386",641,"2,312",433,23,,,
,OVERLAND PARK,2014,"183,108",137,5,44,,12,76,"1,508",173,"1,070",265,6,,,
,,2015,,192,2,87,,20,83,"1,708",206,"1,230",272,10,,,
,TOPEKA,2014,"127,673",303,4,27,,86,186,"2,872",441,"2,168",263,4,,,
,,2015,,325,3,40,,99,183,"3,183",580,"2,324",279,3,,,
,WICHITA,2014,"387,493","1,497",13,129,,258,"1,097","9,482","1,639","6,756","1,087",45,,,
,,2015,,"1,764",11,155,,322,"1,276","8,564","1,524","6,175",865,48,,,
KENTUCKY,LEXINGTON,2014,"311,848",514,11,73,,258,172,"5,757","1,181","4,123",453,24,,,
,,2015,,490,9,81,,229,171,"5,727","1,203","4,010",514,22,,,
,LOUISVILLE METRO9,2014,"678,513","1,904",27,96,,669,"1,112","13,054","2,857","9,212",985,82,,,
,,2015,,"2,048",41,93,,705,"1,209","13,135","2,909","8,885","1,341",,,,
LOUISIANA,BATON ROUGE,2014,"229,387","1,078",27,34,,426,591,"5,045","1,380","3,406",259,78,,,
,,2015,,967,27,47,,393,500,"4,692","1,136","3,313",243,65,,,
,LAFAYETTE,2014,"125,122",390,1,4,,113,272,"3,526",613,"2,676",237,35,,,
,,2015,,329,6,11,,72,240,"3,224",473,"2,532",219,17,,,
,NEW ORLEANS,2014,"387,113","1,869",71,98,,713,987,"7,901","1,636","5,056","1,209",,,,
,,2015,,"1,652",92,152,,622,786,"7,304","1,362","4,773","1,169",15,,,
,SHREVEPORT,2014,"200,184",716,9,65,,189,453,"4,398",946,"3,201",251,27,,,
,,2015,,793,10,74,,218,491,"4,960","1,052","3,637",271,26,,,
MARYLAND,BALTIMORE,2014,"623,513","3,989",99,,129,"1,641","2,120","14,003","3,215","8,511","2,277",102,,,
,,2015,,"4,224",144,140,,"1,826","2,114","14,194","3,577","8,205","2,412",132,,,
MASSACHUSETTS,CAMBRIDGE,2014,"108,201",146,1,11,,36,98,"1,090",125,907,58,0,,,
,,2015,,151,1,14,,42,94,"1,236",188,994,54,2,,,
,LOWELL,2014,"109,729",262,1,17,,74,170,"1,267",314,797,156,12,,,
,,2015,,227,0,10,,65,152,"1,083",221,776,86,7,,,
,SPRINGFIELD,2014,"153,766",777,6,51,,261,459,"2,688",779,"1,616",293,26,,,
,,2015,,837,13,43,,247,534,"2,350",573,"1,501",276,18,,,
,WORCESTER,2014,"183,248",814,4,7,,175,628,"2,570",660,"1,740",170,1,,,
,,2015,,770,4,4,,189,573,"2,316",491,"1,640",185,2,,,
MICHIGAN,ANN ARBOR,2014,"117,768",94,0,29,,9,56,"1,010",156,792,62,4,,,
,,2015,,96,0,26,,13,57,"1,043",95,912,36,3,,,
,DETROIT,2014,"684,694","6,292",135,284,,"1,589","4,284","15,748","4,390","6,629","4,729",235,,,
,,2015,,"5,711",107,234,,"1,128","4,242","13,515","3,329","6,810","3,376",420,,,
,GRAND RAPIDS10,2014,"193,385",623,3,31,,198,391,"2,388",584,"1,683",121,25,,,
,,2015,,618,5,57,,153,403,,438,"1,515",,24,,,
,LANSING,2014,"113,901",537,5,38,,109,385,"1,550",436,956,158,11,,,
,,2015,,469,4,39,,82,344,"1,347",335,883,129,7,,,
,STERLING HEIGHTS,2014,"131,604",101,0,16,,13,72,981,130,778,73,7,,,
,,2015,,94,2,20,,7,65,828,75,688,65,4,,,
,WARREN,2014,"135,080",288,3,39,,62,184,"1,563",340,993,230,8,,,
,,2015,,364,2,55,,59,248,"1,427",291,867,269,10,,,
MISSISSIPPI,JACKSON,2014,"172,376",710,35,,61,313,301,"4,837","1,468","2,872",497,59,,,
,,2015,,745,27,,71,366,281,"4,117","1,115","2,504",498,,,,
MISSOURI,COLUMBIA,2014,"116,847",162,2,30,,43,87,"1,908",265,"1,565",78,6,,,
,,2015,,274,1,44,,66,163,"1,605",385,"1,135",85,5,,,
,INDEPENDENCE,2014,"117,321",223,1,25,,50,147,"3,182",505,"2,271",406,17,,,
,,2015,,216,1,28,,56,131,"2,922",409,"2,073",440,7,,,
,KANSAS CITY,2014,"468,417","2,735",35,191,,707,"1,802","10,823","2,524","6,336","1,963",111,,,
,,2015,,"2,987",36,162,,689,"2,100","9,709","2,247","5,697","1,765",69,,,
,SPRINGFIELD,2014,"165,280",942,5,136,,181,620,"5,719",864,"4,294",561,29,,,
,,2015,,"1,063",7,128,,212,716,"5,961",935,"4,438",588,30,,,
,ST. LOUIS,2014,"318,574","2,284",58,144,,594,"1,488","8,616","1,756","5,435","1,425",86,,,
,,2015,,"2,806",92,127,,832,"1,755","9,608","1,947","6,031","1,630",79,,,
MONTANA,BILLINGS,2014,"110,245",195,2,41,,28,124,"2,345",326,"1,758",261,3,,,
,,2015,,233,2,30,,40,161,"2,369",295,"1,662",412,6,,,
NEBRASKA,LINCOLN,2014,"271,208",445,4,,76,99,266,"4,212",628,"3,442",142,33,,,
,,2015,,471,0,,83,104,284,"4,226",625,"3,432",169,38,,,
NEVADA,HENDERSON,2014,"274,121",198,1,33,,69,95,"2,725",692,"1,788",245,11,,,
,,2015,,229,1,51,,83,94,"2,677",679,"1,731",267,7,,,
,NORTH LAS VEGAS,2014,"229,436",877,4,40,,223,610,"2,795","1,019","1,335",441,10,,,
,,2015,,995,5,45,,223,722,"2,614",897,"1,282",435,7,,,
,RENO,2014,"235,055",530,3,60,,141,326,"3,144",626,"2,180",338,7,,,
,,2015,,618,9,67,,145,397,"3,573",662,"2,460",451,3,,,
NEW HAMPSHIRE,MANCHESTER,2014,"110,571",342,3,25,,110,204,"1,855",357,"1,415",83,12,,,
,,2015,,320,2,37,,112,169,"2,098",360,"1,639",99,13,,,
NEW JERSEY,EDISON TOWNSHIP,2014,"101,965",46,0,,2,25,19,541,146,346,49,6,,,
,,2015,,46,0,1,,21,24,570,103,427,40,7,,,
,ELIZABETH,2014,"128,345",504,5,,13,281,205,"1,724",364,960,400,5,,,
,,2015,,484,8,23,,242,211,"1,744",325,"1,038",381,6,,,
,JERSEY CITY,2014,"260,005",621,13,,16,272,320,"1,983",441,"1,266",276,20,,,
,,2015,,636,8,51,,253,324,"1,898",390,"1,237",271,35,,,
,NEWARK,2014,"279,110","1,355",43,,21,891,400,"3,743",828,"1,824","1,091",21,,,
,,2015,,"1,401",42,43,,861,455,"3,696",800,"1,621","1,275",9,,,
,PATERSON,2014,"146,083",572,9,,9,286,268,"1,856",556,958,342,8,,,
,,2015,,465,7,18,,206,234,"1,853",616,905,332,4,,,
,WOODBRIDGE TOWNSHIP,2014,"100,969",53,0,,3,25,25,932,119,770,43,3,,,
,,2015,,46,0,0,,22,24,722,103,570,49,1,,,
NEW MEXICO,ALBUQUERQUE,2014,"558,874","2,367",12,,197,619,"1,539","15,064","3,095","10,248","1,721",46,,,
,,2015,,"2,691",23,,199,861,"1,608","15,853","2,903","10,755","2,195",46,,,
NEW YORK,AMHERST TOWN,2014,"118,860",64,1,5,,22,36,905,71,815,19,2,,,
,,2015,,56,0,7,,19,30,812,81,708,23,6,,,
,BUFFALO,2014,"258,419","1,507",19,76,,605,807,"5,876","1,435","3,941",500,,,,
,,2015,,"1,297",12,87,,457,741,"4,904","1,040","3,379",485,70,,,
,NEW YORK,2014,"8,473,938","24,191",146,"1,075",,"7,691","15,279","63,155","7,433","52,230","3,492",,,,
,,2015,,"23,225",164,"1,082",,"7,598","14,381","60,300","6,410","50,526","3,364",,,,
,ROCHESTER,2014,"210,347",776,19,93,,286,378,"3,874",826,"2,746",302,50,,,
,,2015,,853,15,65,,287,486,"3,575",696,"2,502",377,44,,,
,SYRACUSE,2014,"144,534",526,6,33,,164,323,"2,682",665,"1,890",127,24,,,
,,2015,,528,8,34,,191,295,"2,361",530,"1,690",141,19,,,
,YONKERS,2014,"200,624",475,2,10,,152,311,928,190,652,86,10,,,
,,2015,,447,3,23,,161,260,980,194,644,142,6,,,
NORTH CAROLINA,CARY,2014,"154,978",55,3,,5,18,29,827,164,642,21,4,,,
,,2015,,31,2,,4,9,16,919,169,718,32,2,,,
,DURHAM,2014,"249,738",923,9,,34,299,581,"5,187","1,729","3,162",296,9,,,
,,2015,,"1,069",15,,29,360,665,"5,377","1,670","3,395",312,16,,,
,GREENSBORO,2014,"282,203",619,6,,28,209,376,"5,016","1,260","3,523",233,61,,,
,,2015,,739,11,,35,217,476,"4,812","1,068","3,505",239,52,,,
,HIGH POINT,2014,"108,540",236,3,,12,64,157,"1,873",510,"1,255",108,13,,,
,,2015,,309,2,,18,99,190,"1,683",333,"1,230",120,6,,,
,WILMINGTON,2014,"113,418",367,5,,17,112,233,"2,362",645,"1,565",152,12,,,
,,2015,,389,4,,29,127,229,"2,441",627,"1,655",159,4,,,
NORTH DAKOTA,FARGO,2014,"115,686",187,3,39,,30,115,"1,303",210,"1,014",79,6,,,
,,2015,,169,3,21,,21,124,"1,528",318,"1,095",115,4,,,
OHIO9,AKRON,2014,"197,891",679,8,89,,176,406,"4,007","1,234","2,536",237,30,,,
,,2015,,597,11,77,,200,309,"3,858","1,111","2,450",297,38,,,
,CINCINNATI,2014,"297,671","1,258",39,114,,634,471,"7,663","2,269","4,874",520,158,,,
,,2015,,"1,287",38,99,,601,549,"7,606","1,979","5,126",501,233,,,
,CLEVELAND,2014,"388,655","2,499",26,266,,"1,408",799,"9,537","3,113","4,687","1,737",138,,,
,,2015,,"2,390",37,215,,"1,286",852,"8,537","2,411","4,509","1,617",126,,,
,COLUMBUS,2014,"830,811","2,336",49,394,,"1,035",858,"16,327","4,073","10,848","1,406",277,,,
,,2015,,"2,237",37,346,,"1,085",769,"15,537","3,346","10,678","1,513",,,,
,DAYTON,2014,"143,217",619,17,74,,267,261,"3,586","1,166","2,160",260,32,,,
,,2015,,650,10,70,,230,340,"3,187","1,095","1,815",277,53,,,
,"TOLEDO8, 11",2014,"281,150","1,390",11,113,,414,852,,"2,142",,425,,,,
,,2015,,"1,444",5,116,,431,892,"5,668","1,769","3,497",402,,,,
OKLAHOMA,BROKEN ARROW,2014,"104,592",64,0,12,,26,26,754,157,552,45,7,,,
,,2015,,74,0,21,,19,34,897,168,649,80,2,,,
,OKLAHOMA CITY,2014,"617,975","2,354",20,196,,522,"1,616","13,332","3,146","8,375","1,811",42,,,
,,2015,,"2,399",30,242,,544,"1,583","11,795","2,796","7,554","1,445",47,,,
,TULSA,2014,"399,556","1,590",18,176,,428,968,"9,844","2,619","6,059","1,166",68,,,
,,2015,,"1,658",27,160,,410,"1,061","9,445","2,473","5,811","1,161",80,,,
OREGON,EUGENE,2014,"159,882",287,1,42,,84,160,"3,252",539,"2,427",286,15,,,
,,2015,,244,0,36,,76,132,"2,950",518,"2,209",223,18,,,
,SALEM,2014,"162,028",261,0,29,,51,181,"3,411",444,"2,639",328,14,,,
,,2015,,245,2,16,,49,178,"3,317",335,"2,654",328,13,,,
PENNSYLVANIA,ALLENTOWN,2014,"118,710",269,4,34,,130,101,"1,887",478,"1,269",140,4,,,
,,2015,,231,4,24,,113,90,"1,389",282,"1,019",88,11,,,
,ERIE,2014,"100,403",177,3,24,,47,103,"1,204",326,844,34,13,,,
,,2015,,218,3,25,,59,131,"1,207",292,856,59,14,,,
,PHILADELPHIA,2014,"1,559,062","7,661",115,577,,"3,294","3,675","24,285","4,566","17,078","2,641",197,,,
,,2015,,"7,648",115,679,,"3,113","3,741","23,292","3,936","16,915","2,441",152,,,
RHODE ISLAND,PROVIDENCE,2014,"178,640",421,7,45,,133,236,"3,090",671,"2,011",408,15,,,
,,2015,,475,6,57,,128,284,"2,676",525,"1,894",257,12,,,
SOUTH CAROLINA,CHARLESTON,2014,"129,867",135,5,13,,40,77,"1,473",181,"1,217",75,2,,,
,,2015,,169,5,25,,42,97,"1,475",225,"1,140",110,1,,,
,NORTH CHARLESTON,2014,"105,594",364,8,43,,101,212,"2,762",379,"2,136",247,5,,,
,,2015,,367,3,46,,103,215,"2,509",340,"1,938",231,5,,,
SOUTH DAKOTA,SIOUX FALLS,2014,"167,339",395,2,78,,48,267,"2,309",402,"1,778",129,12,,,
,,2015,,344,1,57,,21,265,"2,542",462,"1,921",159,17,,,
TENNESSEE,CHATTANOOGA,2014,"174,449",883,17,60,,182,624,"5,503",991,"3,999",513,6,,,
,,2015,,818,9,42,,132,635,"5,160",895,"3,833",432,8,,,
,CLARKSVILLE,2014,"144,639",438,6,36,,54,342,"2,071",471,"1,509",91,14,,,
,,2015,,414,6,29,,39,340,"1,878",317,"1,485",76,9,,,
,KNOXVILLE,2014,"184,362",789,7,63,,194,525,"5,993",982,"4,614",397,6,,,
,,2015,,897,9,104,,209,575,"5,438",865,"4,188",385,8,,,
,MEMPHIS,2014,"654,922","5,633",65,269,,"1,553","3,746","18,200","5,148","11,709","1,343",151,,,
,,2015,,"5,517",64,241,,"1,400","3,812","17,445","4,720","11,535","1,190",134,,,
,MURFREESBORO,2014,"119,005",280,6,27,,55,192,"1,921",332,"1,500",89,2,,,
,,2015,,325,2,28,,73,222,"1,944",440,"1,429",75,6,,,
,NASHVILLE,2014,"647,689","3,489",20,258,,642,"2,569","11,209","2,321","8,396",492,51,,,
,,2015,,"3,253",24,240,,756,"2,233","11,281","2,249","8,368",664,21,,,
TEXAS,ABILENE,2014,"120,686",262,3,,49,58,152,"2,471",437,"1,894",140,18,,,
,,2015,,336,6,38,,64,228,"2,805",609,"2,003",193,12,,,
,AMARILLO,2014,"197,724",688,3,133,,144,408,"4,464",892,"3,142",430,15,,,
,,2015,,651,3,116,,137,395,"4,377",892,"3,111",374,13,,,
,ARLINGTON,2014,"382,976",907,6,,102,241,558,"6,455","1,207","4,798",450,21,,,
,,2015,,"1,021",4,169,,248,600,"6,679","1,098","5,169",412,19,,,
,BEAUMONT,2014,"117,898",522,8,,44,144,326,"2,799",763,"1,923",113,19,,,
,,2015,,572,11,45,,162,354,"2,250",570,"1,582",98,18,,,
,BROWNSVILLE ,2014,"183,433",273,3,,42,67,161,"3,604",475,"3,048",81,7,,,
,,2015,,239,1,24,,76,138,"3,700",501,"3,124",75,9,,,
,CARROLLTON,2014,"128,577",91,1,,1,25,64,"1,312",257,935,120,5,,,
,,2015,,76,1,4,,28,43,"1,380",229,"1,024",127,0,,,
,COLLEGE STATION,2014,"101,483",85,0,13,,21,51,"1,158",292,833,33,0,,,
,,2015,,109,2,31,,20,56,"1,119",182,894,43,0,,,
,CORPUS CHRISTI,2014,"319,211",976,12,,144,184,636,"7,186","1,185","5,757",244,31,,,
,,2015,,"1,039",12,155,,205,667,"5,339",945,"4,133",261,28,,,
,DALLAS,2014,"1,272,396","3,941",53,,384,"1,781","1,723","21,979","5,567","13,100","3,312",180,,,
,,2015,,"4,342",69,405,,"2,008","1,860","21,508","5,095","12,778","3,635",196,,,
,DENTON,2014,"125,248",189,0,64,,31,94,"1,325",201,"1,065",59,0,,,
,,2015,,211,2,50,,34,125,"1,366",170,"1,121",75,0,,,
,EL PASO,2014,"680,273","1,396",7,,183,227,979,"7,345",837,"6,106",402,26,,,
,,2015,,"1,204",8,153,,192,851,"6,240",646,"5,233",361,38,,,
,FORT WORTH,2014,"804,907","2,243",30,272,,580,"1,361","15,642","3,642","10,867","1,133",80,,,
,,2015,,"2,208",25,281,,481,"1,421","14,916","2,964","10,823","1,129",60,,,
,FRISCO,2014,"141,940",57,1,10,,6,40,"1,226",219,974,33,6,,,
,,2015,,49,1,12,,14,22,"1,088",178,885,25,1,,,
,GRAND PRAIRIE,2014,"185,273",249,1,,46,93,109,"2,440",463,"1,651",326,6,,,
,,2015,,277,1,65,,58,153,"1,962",349,"1,381",232,11,,,
,HOUSTON,2014,"2,219,933","10,401",100,,416,"4,717","5,168","52,686","10,826","34,814","7,046",341,,,
,,2015,,"10,216",144,374,,"4,777","4,921","48,909","9,597","32,644","6,668",332,,,
,IRVING,2014,"231,708",271,2,,19,81,169,"3,142",562,"2,297",283,13,,,
,,2015,,216,6,15,,83,112,"2,914",507,"2,132",275,10,,,
,LAREDO,2014,"250,994",518,9,,40,95,374,"5,079",668,"4,260",151,51,,,
,,2015,,491,4,64,,69,354,"4,291",532,"3,599",160,43,,,
,LEWISVILLE,2014,"102,439",98,0,18,,25,55,"1,257",214,897,146,1,,,
,,2015,,115,1,25,,27,62,"1,109",157,849,103,2,,,
,LUBBOCK,2014,"241,826",930,5,,56,132,737,"5,084","1,059","3,648",377,28,,,
,,2015,,"1,104",8,90,,167,839,"5,785","1,231","4,138",416,19,,,
,MCKINNEY,2014,"152,806",110,2,16,,27,65,"1,357",192,"1,090",75,6,,,
,,2015,,138,2,26,,27,83,"1,241",136,"1,049",56,6,,,
,MESQUITE,2014,"144,396",226,1,,29,85,111,"2,646",566,"1,701",379,5,,,
,,2015,,215,3,22,,99,91,"2,876",553,"1,910",413,2,,,
,ODESSA,2014,"113,619",496,4,,28,72,392,"1,953",333,"1,391",229,5,,,
,,2015,,589,6,32,,79,472,"2,270",383,"1,618",269,13,,,
,PASADENA,2014,"153,540",300,4,,41,82,173,"2,407",397,"1,743",267,7,,,
,,2015,,292,1,38,,81,172,"2,203",351,"1,540",312,25,,,
,PEARLAND,2014,"102,516",72,1,19,,11,41,927,121,777,29,3,,,
,,2015,,80,1,26,,19,34,"1,088",177,871,40,2,,,
,PLANO,2014,"277,822",249,2,47,,81,119,"2,674",345,"2,184",145,13,,,
,,2015,,223,3,46,,64,110,"2,382",343,"1,921",118,8,,,
,RICHARDSON,2014,"105,744",90,1,,12,38,39,"1,199",167,960,72,4,,,
,,2015,,76,0,13,,26,37,"1,092",192,825,75,1,,,
,ROUND ROCK,2014,"112,199",57,0,,12,20,25,"1,031",111,900,20,5,,,
,,2015,,71,1,15,,18,37,"1,062",98,943,21,2,,,
,SAN ANTONIO,2014,"1,428,465","3,757",43,,518,885,"2,311","38,179","6,230","28,292","3,657",139,,,
,,2015,,"4,005",51,509,,915,"2,530","35,261","5,576","26,572","3,113",119,,,
,TYLER6,2014,"100,969",,,,,,,,,,,,,,
,,2015,,214,5,27,,38,144,"1,889",320,"1,485",84,0,,,
,WICHITA FALLS,2014,"104,949",203,2,,43,51,107,"2,030",450,"1,459",121,0,,,
,,2015,,200,1,48,,54,97,"2,058",456,"1,527",75,0,,,
UTAH,PROVO6,2014,"117,158",,,,,,,,,,,,,,
,,2015,,80,0,34,,10,36,"1,075",100,907,68,1,,,
,SALT LAKE CITY,2014,"192,368",666,1,113,,193,359,"7,355",730,"5,807",818,46,,,
,,2015,,734,3,123,,211,397,"8,341",995,"6,309","1,037",20,,,
,WEST VALLEY6,2014,"134,590",,,,,,,,,,,,,,
,,2015,,371,1,57,,71,242,"2,755",381,"1,942",432,9,,,
VIRGINIA,ALEXANDRIA,2014,"151,065",133,2,9,,77,45,"1,424",102,"1,185",137,8,,,
,,2015,,131,0,11,,53,67,"1,325",112,"1,112",101,1,,,
,CHESAPEAKE,2014,"232,489",472,4,34,,82,352,"3,103",572,"2,410",121,11,,,
,,2015,,476,6,28,,81,361,"2,754",458,"2,138",158,13,,,
,HAMPTON,2014,"136,590",168,5,21,,50,92,"2,064",255,"1,706",103,14,,,
,,2015,,154,7,15,,71,61,"1,947",288,"1,515",144,13,,,
,NEWPORT NEWS ,2014,"182,374",363,11,36,,94,222,"2,750",481,"2,098",171,33,,,
,,2015,,338,17,30,,98,193,"2,461",436,"1,864",161,24,,,
,NORFOLK,2014,"247,078",572,19,52,,158,343,"4,516",600,"3,694",222,13,,,
,,2015,,606,7,46,,199,354,"4,072",516,"3,413",143,13,,,
,RICHMOND,2014,"216,747",604,23,12,,264,305,"4,003",840,"2,830",333,26,,,
,,2015,,517,16,12,,234,255,"3,567",672,"2,577",318,32,,,
,VIRGINIA BEACH,2014,"451,102",327,12,55,,123,137,"4,720",541,"4,015",164,33,,,
,,2015,,305,12,36,,128,129,"4,582",508,"3,878",196,44,,,
WASHINGTON,BELLEVUE9,2014,"135,449",74,1,,17,34,22,"2,281",296,"1,849",136,6,,,
,,2015,,60,2,10,,23,25,"2,056",310,"1,622",124,8,,,
,EVERETT,2014,"105,911",192,2,,18,73,99,"3,505",616,"2,352",537,13,,,
,,2015,,191,4,,19,65,103,"3,040",477,"2,156",407,20,,,
,KENT,2014,"125,837",171,0,33,,65,73,"3,058",445,"2,126",487,10,,,
,,2015,,146,3,22,,62,59,"2,841",429,"1,949",463,11,,,
,SEATTLE,2014,"663,410","1,950",13,79,,755,"1,103","20,475","3,466","14,102","2,907",40,,,
,,2015,,"1,961",9,65,,766,"1,121","17,919","3,597","12,348","1,974",34,,,
,SPOKANE,2014,"211,025",582,5,,52,229,296,"9,004","1,625","6,259","1,120",28,,,
,,2015,,538,5,,51,170,312,"7,592","1,400","5,379",813,24,,,
,TACOMA,2014,"204,722",745,7,75,,224,439,"6,008","1,502","3,658",848,31,,,
,,2015,,749,4,57,,229,459,"6,119","1,185","4,013",921,26,,,
,VANCOUVER,2014,"168,688",269,4,41,,74,150,"2,625",393,"1,810",422,27,,,
,,2015,,318,0,43,,55,220,"2,577",408,"1,819",350,26,,,
WISCONSIN,GREEN BAY,2014,"104,979",256,3,26,,32,195,"1,074",184,848,42,5,,,
,,2015,,211,1,24,,22,164,"1,018",180,793,45,5,,,
,KENOSHA,2014,"100,025",147,4,,10,51,82,"1,045",251,744,50,9,,,
,,2015,,127,2,,26,50,49,920,152,714,54,2,,,
,MADISON,2014,"245,788",400,3,42,,101,254,"3,135",448,"2,572",115,4,,,
,,2015,,414,3,48,,99,264,"3,121",544,"2,475",102,4,,,
,MILWAUKEE,2014,"600,374","3,957",36,192,,"1,551","2,178","12,303","2,416","6,966","2,921",110,,,
,,2015,,"3,921",75,168,,"1,501","2,177","11,197","2,439","5,798","2,960",99,,,
